name,version,license,evidence,legal_files,source,lockfiles,repository,metadata_url,error
adler2,2.0.1,0BSD OR MIT OR Apache-2.0,exact-version cached crate Cargo.toml,LICENSE-0BSD; LICENSE-APACHE; LICENSE-MIT,registry+https://github.com/rust-lang/crates.io-index,apps/client/src-tauri/Cargo.lock,https://github.com/oyvindln/adler2,https://crates.io/api/v1/crates/adler2/2.0.1,
aead,0.5.2,MIT OR Apache-2.0,exact-version cached crate Cargo.toml,LICENSE-APACHE; LICENSE-MIT,registry+https://github.com/rust-lang/crates.io-index,apps/client/src-tauri/Cargo.lock,https://github.com/RustCrypto/traits,https://crates.io/api/v1/crates/aead/0.5.2,
aead,0.6.1,MIT OR Apache-2.0,exact-version cached crate Cargo.toml,LICENSE-APACHE; LICENSE-MIT,registry+https://github.com/rust-lang/crates.io-index,apps/client/src-tauri/Cargo.lock,https://github.com/RustCrypto/traits,https://crates.io/api/v1/crates/aead/0.6.1,
aho-corasick,1.1.4,Unlicense OR MIT,exact-version cached crate Cargo.toml,COPYING; LICENSE-MIT,registry+https://github.com/rust-lang/crates.io-index,apps/client/src-tauri/Cargo.lock,https://github.com/BurntSushi/aho-corasick,https://crates.io/api/v1/crates/aho-corasick/1.1.4,
alloc-no-stdlib,2.0.4,BSD-3-Clause,exact-version cached crate Cargo.toml,LICENSE,registry+https://github.com/rust-lang/crates.io-index,apps/client/src-tauri/Cargo.lock,https://github.com/dropbox/rust-alloc-no-stdlib,https://crates.io/api/v1/crates/alloc-no-stdlib/2.0.4,
alloc-stdlib,0.2.2,BSD-3-Clause,exact-version cached crate Cargo.toml,,registry+https://github.com/rust-lang/crates.io-index,apps/client/src-tauri/Cargo.lock,https://github.com/dropbox/rust-alloc-no-stdlib,https://crates.io/api/v1/crates/alloc-stdlib/0.2.2,
android_system_properties,0.1.5,MIT/Apache-2.0,exact-version cached crate Cargo.toml,LICENSE-APACHE; LICENSE-MIT,registry+https://github.com/rust-lang/crates.io-index,apps/client/src-tauri/Cargo.lock,https://github.com/nical/android_system_properties,https://crates.io/api/v1/crates/android_system_properties/0.1.5,
annotate-snippets,0.11.5,MIT OR Apache-2.0,exact-version cached crate Cargo.toml,LICENSE-APACHE; LICENSE-MIT,registry+https://github.com/rust-lang/crates.io-index,apps/client/src-tauri/Cargo.lock,https://github.com/rust-lang/annotate-snippets-rs,https://crates.io/api/v1/crates/annotate-snippets/0.11.5,
anstyle,1.0.14,MIT OR Apache-2.0,exact-version cached crate Cargo.toml,LICENSE-APACHE; LICENSE-MIT,registry+https://github.com/rust-lang/crates.io-index,apps/client/src-tauri/Cargo.lock,https://github.com/rust-cli/anstyle.git,https://crates.io/api/v1/crates/anstyle/1.0.14,
anyhow,1.0.102,MIT OR Apache-2.0,exact-version cached crate Cargo.toml,LICENSE-APACHE; LICENSE-MIT,registry+https://github.com/rust-lang/crates.io-index,apps/client/src-tauri/Cargo.lock,https://github.com/dtolnay/anyhow,https://crates.io/api/v1/crates/anyhow/1.0.102,
arbitrary,1.4.2,MIT OR Apache-2.0,exact-version cached crate Cargo.toml,LICENSE-APACHE; LICENSE-MIT,registry+https://github.com/rust-lang/crates.io-index,apps/client/src-tauri/Cargo.lock,https://github.com/rust-fuzz/arbitrary/,https://crates.io/api/v1/crates/arbitrary/1.4.2,
argon2,0.5.3,MIT OR Apache-2.0,exact-version cached crate Cargo.toml,LICENSE-APACHE; LICENSE-MIT,registry+https://github.com/rust-lang/crates.io-index,apps/client/src-tauri/Cargo.lock,https://github.com/RustCrypto/password-hashes/tree/master/argon2,https://crates.io/api/v1/crates/argon2/0.5.3,
arrayref,0.3.9,BSD-2-Clause,exact-version cached crate Cargo.toml,LICENSE,registry+https://github.com/rust-lang/crates.io-index,apps/client/src-tauri/Cargo.lock,https://github.com/droundy/arrayref,https://crates.io/api/v1/crates/arrayref/0.3.9,
arrayvec,0.7.8,MIT OR Apache-2.0,exact-version cached crate Cargo.toml,LICENSE-APACHE; LICENSE-MIT,registry+https://github.com/rust-lang/crates.io-index,apps/client/src-tauri/Cargo.lock,https://github.com/bluss/arrayvec,https://crates.io/api/v1/crates/arrayvec/0.7.8,
async-broadcast,0.7.2,MIT OR Apache-2.0,exact-version cached crate Cargo.toml,LICENSE-APACHE; LICENSE-MIT,registry+https://github.com/rust-lang/crates.io-index,apps/client/src-tauri/Cargo.lock,https://github.com/smol-rs/async-broadcast,https://crates.io/api/v1/crates/async-broadcast/0.7.2,
async-channel,2.5.0,Apache-2.0 OR MIT,exact-version cached crate Cargo.toml,LICENSE-APACHE; LICENSE-MIT,registry+https://github.com/rust-lang/crates.io-index,apps/client/src-tauri/Cargo.lock,https://github.com/smol-rs/async-channel,https://crates.io/api/v1/crates/async-channel/2.5.0,
async-executor,1.14.0,Apache-2.0 OR MIT,exact-version cached crate Cargo.toml,LICENSE-APACHE; LICENSE-MIT,registry+https://github.com/rust-lang/crates.io-index,apps/client/src-tauri/Cargo.lock,https://github.com/smol-rs/async-executor,https://crates.io/api/v1/crates/async-executor/1.14.0,
async-io,2.6.0,Apache-2.0 OR MIT,exact-version cached crate Cargo.toml,LICENSE-APACHE; LICENSE-MIT,registry+https://github.com/rust-lang/crates.io-index,apps/client/src-tauri/Cargo.lock,https://github.com/smol-rs/async-io,https://crates.io/api/v1/crates/async-io/2.6.0,
async-lock,3.4.2,Apache-2.0 OR MIT,exact-version cached crate Cargo.toml,LICENSE-APACHE; LICENSE-MIT,registry+https://github.com/rust-lang/crates.io-index,apps/client/src-tauri/Cargo.lock,https://github.com/smol-rs/async-lock,https://crates.io/api/v1/crates/async-lock/3.4.2,
async-process,2.5.0,Apache-2.0 OR MIT,exact-version cached crate Cargo.toml,LICENSE-APACHE; LICENSE-MIT,registry+https://github.com/rust-lang/crates.io-index,apps/client/src-tauri/Cargo.lock,https://github.com/smol-rs/async-process,https://crates.io/api/v1/crates/async-process/2.5.0,
async-recursion,1.1.1,MIT OR Apache-2.0,exact-version cached crate Cargo.toml,LICENSE-APACHE; LICENSE-MIT,registry+https://github.com/rust-lang/crates.io-index,apps/client/src-tauri/Cargo.lock,https://github.com/dcchut/async-recursion,https://crates.io/api/v1/crates/async-recursion/1.1.1,
async-signal,0.2.14,Apache-2.0 OR MIT,exact-version cached crate Cargo.toml,LICENSE-APACHE; LICENSE-MIT,registry+https://github.com/rust-lang/crates.io-index,apps/client/src-tauri/Cargo.lock,https://github.com/smol-rs/async-signal,https://crates.io/api/v1/crates/async-signal/0.2.14,
async-task,4.7.1,Apache-2.0 OR MIT,exact-version cached crate Cargo.toml,LICENSE-APACHE; LICENSE-MIT,registry+https://github.com/rust-lang/crates.io-index,apps/client/src-tauri/Cargo.lock,https://github.com/smol-rs/async-task,https://crates.io/api/v1/crates/async-task/4.7.1,
async-trait,0.1.89,MIT OR Apache-2.0,exact-version cached crate Cargo.toml,LICENSE-APACHE; LICENSE-MIT,registry+https://github.com/rust-lang/crates.io-index,apps/client/src-tauri/Cargo.lock,https://github.com/dtolnay/async-trait,https://crates.io/api/v1/crates/async-trait/0.1.89,
atk,0.18.2,MIT,exact-version cached crate Cargo.toml,COPYRIGHT; LICENSE,registry+https://github.com/rust-lang/crates.io-index,apps/client/src-tauri/Cargo.lock,https://github.com/gtk-rs/gtk3-rs,https://crates.io/api/v1/crates/atk/0.18.2,
atk-sys,0.18.2,MIT,exact-version cached crate Cargo.toml,LICENSE,registry+https://github.com/rust-lang/crates.io-index,apps/client/src-tauri/Cargo.lock,https://github.com/gtk-rs/gtk3-rs,https://crates.io/api/v1/crates/atk-sys/0.18.2,
atomic-waker,1.1.2,Apache-2.0 OR MIT,exact-version cached crate Cargo.toml,LICENSE-APACHE; LICENSE-MIT; LICENSE-THIRD-PARTY,registry+https://github.com/rust-lang/crates.io-index,apps/client/src-tauri/Cargo.lock,https://github.com/smol-rs/atomic-waker,https://crates.io/api/v1/crates/atomic-waker/1.1.2,
auto-launch,0.5.0,MIT,exact-version cached crate Cargo.toml,LICENSE,registry+https://github.com/rust-lang/crates.io-index,apps/client/src-tauri/Cargo.lock,https://github.com/zzzgydi/auto-launch.git,https://crates.io/api/v1/crates/auto-launch/0.5.0,
autocfg,1.5.0,Apache-2.0 OR MIT,exact-version cached crate Cargo.toml,LICENSE-APACHE; LICENSE-MIT,registry+https://github.com/rust-lang/crates.io-index,apps/client/src-tauri/Cargo.lock,https://github.com/cuviper/autocfg,https://crates.io/api/v1/crates/autocfg/1.5.0,
base64,0.21.7,MIT OR Apache-2.0,exact-version cached crate Cargo.toml,LICENSE-APACHE; LICENSE-MIT,registry+https://github.com/rust-lang/crates.io-index,apps/client/src-tauri/Cargo.lock,https://github.com/marshallpierce/rust-base64,https://crates.io/api/v1/crates/base64/0.21.7,
base64,0.22.1,MIT OR Apache-2.0,exact-version cached crate Cargo.toml,LICENSE-APACHE; LICENSE-MIT,registry+https://github.com/rust-lang/crates.io-index,apps/client/src-tauri/Cargo.lock,https://github.com/marshallpierce/rust-base64,https://crates.io/api/v1/crates/base64/0.22.1,
base64ct,1.8.3,Apache-2.0 OR MIT,exact-version cached crate Cargo.toml,LICENSE-APACHE; LICENSE-MIT,registry+https://github.com/rust-lang/crates.io-index,apps/client/src-tauri/Cargo.lock,https://github.com/RustCrypto/formats,https://crates.io/api/v1/crates/base64ct/1.8.3,
bindgen,0.72.1,BSD-3-Clause,exact-version cached crate Cargo.toml,LICENSE,registry+https://github.com/rust-lang/crates.io-index,apps/client/src-tauri/Cargo.lock,https://github.com/rust-lang/rust-bindgen,https://crates.io/api/v1/crates/bindgen/0.72.1,
bit-set,0.8.0,Apache-2.0 OR MIT,exact-version cached crate Cargo.toml,LICENSE-APACHE; LICENSE-MIT,registry+https://github.com/rust-lang/crates.io-index,apps/client/src-tauri/Cargo.lock,https://github.com/contain-rs/bit-set,https://crates.io/api/v1/crates/bit-set/0.8.0,
bit-vec,0.8.0,Apache-2.0 OR MIT,exact-version cached crate Cargo.toml,LICENSE-APACHE; LICENSE-MIT,registry+https://github.com/rust-lang/crates.io-index,apps/client/src-tauri/Cargo.lock,https://github.com/contain-rs/bit-vec,https://crates.io/api/v1/crates/bit-vec/0.8.0,
bitflags,1.3.2,MIT/Apache-2.0,exact-version cached crate Cargo.toml,LICENSE-APACHE; LICENSE-MIT,registry+https://github.com/rust-lang/crates.io-index,apps/client/src-tauri/Cargo.lock,https://github.com/bitflags/bitflags,https://crates.io/api/v1/crates/bitflags/1.3.2,
bitflags,2.11.0,MIT OR Apache-2.0,exact-version cached crate Cargo.toml,LICENSE-APACHE; LICENSE-MIT,registry+https://github.com/rust-lang/crates.io-index,apps/client/src-tauri/Cargo.lock,https://github.com/bitflags/bitflags,https://crates.io/api/v1/crates/bitflags/2.11.0,
blake2,0.10.6,MIT OR Apache-2.0,exact-version cached crate Cargo.toml,LICENSE-APACHE; LICENSE-MIT,registry+https://github.com/rust-lang/crates.io-index,apps/client/src-tauri/Cargo.lock,https://github.com/RustCrypto/hashes,https://crates.io/api/v1/crates/blake2/0.10.6,
block-buffer,0.10.4,MIT OR Apache-2.0,exact-version cached crate Cargo.toml,LICENSE-APACHE; LICENSE-MIT,registry+https://github.com/rust-lang/crates.io-index,apps/client/src-tauri/Cargo.lock,https://github.com/RustCrypto/utils,https://crates.io/api/v1/crates/block-buffer/0.10.4,
block-buffer,0.12.1,MIT OR Apache-2.0,exact-version cached crate Cargo.toml,LICENSE-APACHE; LICENSE-MIT,registry+https://github.com/rust-lang/crates.io-index,apps/client/src-tauri/Cargo.lock,https://github.com/RustCrypto/utils,https://crates.io/api/v1/crates/block-buffer/0.12.1,
block2,0.5.1,MIT,exact-version cached crate Cargo.toml,,registry+https://github.com/rust-lang/crates.io-index,apps/client/src-tauri/Cargo.lock,https://github.com/madsmtm/objc2,https://crates.io/api/v1/crates/block2/0.5.1,
block2,0.6.2,MIT,exact-version cached crate Cargo.toml,,registry+https://github.com/rust-lang/crates.io-index,apps/client/src-tauri/Cargo.lock,https://github.com/madsmtm/objc2,https://crates.io/api/v1/crates/block2/0.6.2,
blocking,1.6.2,Apache-2.0 OR MIT,exact-version cached crate Cargo.toml,LICENSE-APACHE; LICENSE-MIT,registry+https://github.com/rust-lang/crates.io-index,apps/client/src-tauri/Cargo.lock,https://github.com/smol-rs/blocking,https://crates.io/api/v1/crates/blocking/1.6.2,
brotli,8.0.2,BSD-3-Clause AND MIT,exact-version cached crate Cargo.toml,LICENSE.MIT,registry+https://github.com/rust-lang/crates.io-index,apps/client/src-tauri/Cargo.lock,https://github.com/dropbox/rust-brotli,https://crates.io/api/v1/crates/brotli/8.0.2,
brotli-decompressor,5.0.0,BSD-3-Clause/MIT,exact-version cached crate Cargo.toml,LICENSE,registry+https://github.com/rust-lang/crates.io-index,apps/client/src-tauri/Cargo.lock,https://github.com/dropbox/rust-brotli-decompressor,https://crates.io/api/v1/crates/brotli-decompressor/5.0.0,
bumpalo,3.20.2,MIT OR Apache-2.0,exact-version cached crate Cargo.toml,LICENSE-APACHE; LICENSE-MIT,registry+https://github.com/rust-lang/crates.io-index,apps/client/src-tauri/Cargo.lock,https://github.com/fitzgen/bumpalo,https://crates.io/api/v1/crates/bumpalo/3.20.2,
bytemuck,1.25.0,Zlib OR Apache-2.0 OR MIT,exact-version cached crate Cargo.toml,LICENSE-APACHE; LICENSE-MIT; LICENSE-ZLIB,registry+https://github.com/rust-lang/crates.io-index,apps/client/src-tauri/Cargo.lock,https://github.com/Lokathor/bytemuck,https://crates.io/api/v1/crates/bytemuck/1.25.0,
bytemuck_derive,1.10.2,Zlib OR Apache-2.0 OR MIT,exact-version cached crate Cargo.toml,LICENSE-APACHE; LICENSE-MIT; LICENSE-ZLIB,registry+https://github.com/rust-lang/crates.io-index,apps/client/src-tauri/Cargo.lock,https://github.com/Lokathor/bytemuck,https://crates.io/api/v1/crates/bytemuck_derive/1.10.2,
byteorder,1.5.0,Unlicense OR MIT,exact-version cached crate Cargo.toml,COPYING; LICENSE-MIT,registry+https://github.com/rust-lang/crates.io-index,apps/client/src-tauri/Cargo.lock,https://github.com/BurntSushi/byteorder,https://crates.io/api/v1/crates/byteorder/1.5.0,
byteorder-lite,0.1.0,Unlicense OR MIT,exact-version cached crate Cargo.toml,LICENSE-MIT,registry+https://github.com/rust-lang/crates.io-index,apps/client/src-tauri/Cargo.lock,https://github.com/image-rs/byteorder-lite,https://crates.io/api/v1/crates/byteorder-lite/0.1.0,
bytes,1.11.1,MIT,exact-version cached crate Cargo.toml,LICENSE,registry+https://github.com/rust-lang/crates.io-index,apps/client/src-tauri/Cargo.lock,https://github.com/tokio-rs/bytes,https://crates.io/api/v1/crates/bytes/1.11.1,
cairo-rs,0.18.5,MIT,exact-version cached crate Cargo.toml,COPYRIGHT; LICENSE,registry+https://github.com/rust-lang/crates.io-index,apps/client/src-tauri/Cargo.lock,https://github.com/gtk-rs/gtk-rs-core,https://crates.io/api/v1/crates/cairo-rs/0.18.5,
cairo-sys-rs,0.18.2,MIT,exact-version cached crate Cargo.toml,LICENSE,registry+https://github.com/rust-lang/crates.io-index,apps/client/src-tauri/Cargo.lock,https://github.com/gtk-rs/gtk-rs-core,https://crates.io/api/v1/crates/cairo-sys-rs/0.18.2,
camino,1.2.2,MIT OR Apache-2.0,exact-version cached crate Cargo.toml,LICENSE-APACHE; LICENSE-MIT,registry+https://github.com/rust-lang/crates.io-index,apps/client/src-tauri/Cargo.lock,https://github.com/camino-rs/camino,https://crates.io/api/v1/crates/camino/1.2.2,
cargo-platform,0.1.9,MIT OR Apache-2.0,exact-version cached crate Cargo.toml,LICENSE-APACHE; LICENSE-MIT,registry+https://github.com/rust-lang/crates.io-index,apps/client/src-tauri/Cargo.lock,https://github.com/rust-lang/cargo,https://crates.io/api/v1/crates/cargo-platform/0.1.9,
cargo_metadata,0.19.2,MIT,exact-version cached crate Cargo.toml,LICENSE-MIT,registry+https://github.com/rust-lang/crates.io-index,apps/client/src-tauri/Cargo.lock,https://github.com/oli-obk/cargo_metadata,https://crates.io/api/v1/crates/cargo_metadata/0.19.2,
cargo_toml,0.22.3,Apache-2.0 OR MIT,exact-version cached crate Cargo.toml,LICENSE,registry+https://github.com/rust-lang/crates.io-index,apps/client/src-tauri/Cargo.lock,https://gitlab.com/lib.rs/cargo_toml,https://crates.io/api/v1/crates/cargo_toml/0.22.3,
cc,1.2.60,MIT OR Apache-2.0,exact-version cached crate Cargo.toml,LICENSE-APACHE; LICENSE-MIT,registry+https://github.com/rust-lang/crates.io-index,apps/client/src-tauri/Cargo.lock,https://github.com/rust-lang/cc-rs,https://crates.io/api/v1/crates/cc/1.2.60,
cesu8,1.1.0,Apache-2.0/MIT,exact-version cached crate Cargo.toml,COPYRIGHT-RUST.txt,registry+https://github.com/rust-lang/crates.io-index,apps/client/src-tauri/Cargo.lock,https://github.com/emk/cesu8-rs,https://crates.io/api/v1/crates/cesu8/1.1.0,
cexpr,0.6.0,Apache-2.0/MIT,exact-version cached crate Cargo.toml,LICENSE-APACHE; LICENSE-MIT,registry+https://github.com/rust-lang/crates.io-index,apps/client/src-tauri/Cargo.lock,https://github.com/jethrogb/rust-cexpr,https://crates.io/api/v1/crates/cexpr/0.6.0,
cfb,0.7.3,MIT,exact-version cached crate Cargo.toml,LICENSE,registry+https://github.com/rust-lang/crates.io-index,apps/client/src-tauri/Cargo.lock,https://github.com/mdsteele/rust-cfb,https://crates.io/api/v1/crates/cfb/0.7.3,
cfg-expr,0.15.8,MIT OR Apache-2.0,exact-version cached crate Cargo.toml,LICENSE-APACHE; LICENSE-MIT,registry+https://github.com/rust-lang/crates.io-index,apps/client/src-tauri/Cargo.lock,https://github.com/EmbarkStudios/cfg-expr,https://crates.io/api/v1/crates/cfg-expr/0.15.8,
cfg-expr,0.20.7,MIT OR Apache-2.0,exact-version cached crate Cargo.toml,LICENSE-APACHE; LICENSE-MIT,registry+https://github.com/rust-lang/crates.io-index,apps/client/src-tauri/Cargo.lock,https://github.com/EmbarkStudios/cfg-expr,https://crates.io/api/v1/crates/cfg-expr/0.20.7,
cfg-if,1.0.4,MIT OR Apache-2.0,exact-version cached crate Cargo.toml,LICENSE-APACHE; LICENSE-MIT,registry+https://github.com/rust-lang/crates.io-index,apps/client/src-tauri/Cargo.lock,https://github.com/rust-lang/cfg-if,https://crates.io/api/v1/crates/cfg-if/1.0.4,
cfg_aliases,0.1.1,MIT,exact-version cached crate Cargo.toml,LICENSE; NOTICES.md,registry+https://github.com/rust-lang/crates.io-index,apps/client/src-tauri/Cargo.lock,https://github.com/katharostech/cfg_aliases,https://crates.io/api/v1/crates/cfg_aliases/0.1.1,
cfg_aliases,0.2.1,MIT,exact-version cached crate Cargo.toml,LICENSE; NOTICES.md,registry+https://github.com/rust-lang/crates.io-index,apps/client/src-tauri/Cargo.lock,https://github.com/katharostech/cfg_aliases,https://crates.io/api/v1/crates/cfg_aliases/0.2.1,
chacha20,0.10.1,MIT OR Apache-2.0,exact-version cached crate Cargo.toml,LICENSE-APACHE; LICENSE-MIT,registry+https://github.com/rust-lang/crates.io-index,apps/client/src-tauri/Cargo.lock,https://github.com/RustCrypto/stream-ciphers,https://crates.io/api/v1/crates/chacha20/0.10.1,
chacha20,0.9.1,Apache-2.0 OR MIT,exact-version cached crate Cargo.toml,LICENSE-APACHE; LICENSE-MIT,registry+https://github.com/rust-lang/crates.io-index,apps/client/src-tauri/Cargo.lock,https://github.com/RustCrypto/stream-ciphers,https://crates.io/api/v1/crates/chacha20/0.9.1,
chacha20poly1305,0.10.1,Apache-2.0 OR MIT,exact-version cached crate Cargo.toml,LICENSE-APACHE; LICENSE-MIT,registry+https://github.com/rust-lang/crates.io-index,apps/client/src-tauri/Cargo.lock,https://github.com/RustCrypto/AEADs/tree/master/chacha20poly1305,https://crates.io/api/v1/crates/chacha20poly1305/0.10.1,
chacha20poly1305,0.11.0,Apache-2.0 OR MIT,exact-version cached crate Cargo.toml,LICENSE-APACHE; LICENSE-MIT,registry+https://github.com/rust-lang/crates.io-index,apps/client/src-tauri/Cargo.lock,https://github.com/RustCrypto/AEADs,https://crates.io/api/v1/crates/chacha20poly1305/0.11.0,
chrono,0.4.44,MIT OR Apache-2.0,exact-version cached crate Cargo.toml,LICENSE.txt,registry+https://github.com/rust-lang/crates.io-index,apps/client/src-tauri/Cargo.lock,https://github.com/chronotope/chrono,https://crates.io/api/v1/crates/chrono/0.4.44,
cipher,0.4.4,MIT OR Apache-2.0,exact-version cached crate Cargo.toml,LICENSE-APACHE; LICENSE-MIT,registry+https://github.com/rust-lang/crates.io-index,apps/client/src-tauri/Cargo.lock,https://github.com/RustCrypto/traits,https://crates.io/api/v1/crates/cipher/0.4.4,
cipher,0.5.2,MIT OR Apache-2.0,exact-version cached crate Cargo.toml,LICENSE-APACHE; LICENSE-MIT,registry+https://github.com/rust-lang/crates.io-index,apps/client/src-tauri/Cargo.lock,https://github.com/RustCrypto/traits,https://crates.io/api/v1/crates/cipher/0.5.2,
clang-sys,1.8.1,Apache-2.0,exact-version cached crate Cargo.toml,LICENSE.txt,registry+https://github.com/rust-lang/crates.io-index,apps/client/src-tauri/Cargo.lock,https://github.com/KyleMayes/clang-sys,https://crates.io/api/v1/crates/clang-sys/1.8.1,
cmake,0.1.58,MIT OR Apache-2.0,exact-version cached crate Cargo.toml,LICENSE-APACHE; LICENSE-MIT,registry+https://github.com/rust-lang/crates.io-index,apps/client/src-tauri/Cargo.lock,https://github.com/rust-lang/cmake-rs,https://crates.io/api/v1/crates/cmake/0.1.58,
cmov,0.5.4,Apache-2.0 OR MIT,exact-version cached crate Cargo.toml,LICENSE-APACHE; LICENSE-MIT,registry+https://github.com/rust-lang/crates.io-index,apps/client/src-tauri/Cargo.lock,https://github.com/RustCrypto/utils,https://crates.io/api/v1/crates/cmov/0.5.4,
combine,4.6.7,MIT,exact-version cached crate Cargo.toml,LICENSE,registry+https://github.com/rust-lang/crates.io-index,apps/client/src-tauri/Cargo.lock,https://github.com/Marwes/combine,https://crates.io/api/v1/crates/combine/4.6.7,
concurrent-queue,2.5.0,Apache-2.0 OR MIT,exact-version cached crate Cargo.toml,LICENSE-APACHE; LICENSE-MIT,registry+https://github.com/rust-lang/crates.io-index,apps/client/src-tauri/Cargo.lock,https://github.com/smol-rs/concurrent-queue,https://crates.io/api/v1/crates/concurrent-queue/2.5.0,
convert_case,0.4.0,MIT,exact-version cached crate Cargo.toml,,registry+https://github.com/rust-lang/crates.io-index,apps/client/src-tauri/Cargo.lock,https://github.com/rutrum/convert-case,https://crates.io/api/v1/crates/convert_case/0.4.0,
convert_case,0.8.0,MIT,exact-version cached crate Cargo.toml,LICENSE,registry+https://github.com/rust-lang/crates.io-index,apps/client/src-tauri/Cargo.lock,https://github.com/rutrum/convert-case,https://crates.io/api/v1/crates/convert_case/0.8.0,
cookie,0.18.1,MIT OR Apache-2.0,exact-version cached crate Cargo.toml,LICENSE-APACHE; LICENSE-MIT,registry+https://github.com/rust-lang/crates.io-index,apps/client/src-tauri/Cargo.lock,https://github.com/SergioBenitez/cookie-rs,https://crates.io/api/v1/crates/cookie/0.18.1,
cookie-factory,0.3.3,MIT,exact-version cached crate Cargo.toml,,registry+https://github.com/rust-lang/crates.io-index,apps/client/src-tauri/Cargo.lock,https://github.com/rust-bakery/cookie-factory,https://crates.io/api/v1/crates/cookie-factory/0.3.3,
core-foundation,0.10.1,MIT OR Apache-2.0,exact-version crates.io metadata; crate contents not inspected,,registry+https://github.com/rust-lang/crates.io-index,apps/client/src-tauri/Cargo.lock,https://github.com/servo/core-foundation-rs,https://crates.io/api/v1/crates/core-foundation/0.10.1,
core-foundation,0.9.4,MIT OR Apache-2.0,exact-version crates.io metadata; crate contents not inspected,,registry+https://github.com/rust-lang/crates.io-index,apps/client/src-tauri/Cargo.lock,https://github.com/servo/core-foundation-rs,https://crates.io/api/v1/crates/core-foundation/0.9.4,
core-foundation-sys,0.8.7,MIT OR Apache-2.0,exact-version crates.io metadata; crate contents not inspected,,registry+https://github.com/rust-lang/crates.io-index,apps/client/src-tauri/Cargo.lock,https://github.com/servo/core-foundation-rs,https://crates.io/api/v1/crates/core-foundation-sys/0.8.7,
core-graphics,0.25.0,MIT OR Apache-2.0,exact-version crates.io metadata; crate contents not inspected,,registry+https://github.com/rust-lang/crates.io-index,apps/client/src-tauri/Cargo.lock,https://github.com/servo/core-foundation-rs,https://crates.io/api/v1/crates/core-graphics/0.25.0,
core-graphics-types,0.2.0,MIT OR Apache-2.0,exact-version crates.io metadata; crate contents not inspected,,registry+https://github.com/rust-lang/crates.io-index,apps/client/src-tauri/Cargo.lock,https://github.com/servo/core-foundation-rs,https://crates.io/api/v1/crates/core-graphics-types/0.2.0,
core_maths,0.1.1,MIT,exact-version cached crate Cargo.toml,LICENSE,registry+https://github.com/rust-lang/crates.io-index,apps/client/src-tauri/Cargo.lock,https://github.com/robertbastian/core_maths,https://crates.io/api/v1/crates/core_maths/0.1.1,
cpufeatures,0.2.17,MIT OR Apache-2.0,exact-version cached crate Cargo.toml,LICENSE-APACHE; LICENSE-MIT,registry+https://github.com/rust-lang/crates.io-index,apps/client/src-tauri/Cargo.lock,https://github.com/RustCrypto/utils,https://crates.io/api/v1/crates/cpufeatures/0.2.17,
cpufeatures,0.3.0,MIT OR Apache-2.0,exact-version cached crate Cargo.toml,LICENSE-APACHE; LICENSE-MIT,registry+https://github.com/rust-lang/crates.io-index,apps/client/src-tauri/Cargo.lock,https://github.com/RustCrypto/utils,https://crates.io/api/v1/crates/cpufeatures/0.3.0,
crc32fast,1.5.0,MIT OR Apache-2.0,exact-version cached crate Cargo.toml,LICENSE-APACHE; LICENSE-MIT,registry+https://github.com/rust-lang/crates.io-index,apps/client/src-tauri/Cargo.lock,https://github.com/srijs/rust-crc32fast,https://crates.io/api/v1/crates/crc32fast/1.5.0,
critical-section,1.2.0,MIT OR Apache-2.0,exact-version cached crate Cargo.toml,LICENSE-APACHE; LICENSE-MIT,registry+https://github.com/rust-lang/crates.io-index,apps/client/src-tauri/Cargo.lock,https://github.com/rust-embedded/critical-section,https://crates.io/api/v1/crates/critical-section/1.2.0,
crossbeam-channel,0.5.15,MIT OR Apache-2.0,exact-version cached crate Cargo.toml,LICENSE-APACHE; LICENSE-MIT; LICENSE-THIRD-PARTY,registry+https://github.com/rust-lang/crates.io-index,apps/client/src-tauri/Cargo.lock,https://github.com/crossbeam-rs/crossbeam,https://crates.io/api/v1/crates/crossbeam-channel/0.5.15,
crossbeam-epoch,0.9.21,MIT OR Apache-2.0,exact-version cached crate Cargo.toml,LICENSE-APACHE; LICENSE-MIT,registry+https://github.com/rust-lang/crates.io-index,apps/client/src-tauri/Cargo.lock,https://github.com/crossbeam-rs/crossbeam,https://crates.io/api/v1/crates/crossbeam-epoch/0.9.21,
crossbeam-utils,0.8.21,MIT OR Apache-2.0,exact-version cached crate Cargo.toml,LICENSE-APACHE; LICENSE-MIT,registry+https://github.com/rust-lang/crates.io-index,apps/client/src-tauri/Cargo.lock,https://github.com/crossbeam-rs/crossbeam,https://crates.io/api/v1/crates/crossbeam-utils/0.8.21,
crypto-common,0.1.7,MIT OR Apache-2.0,exact-version cached crate Cargo.toml,LICENSE-APACHE; LICENSE-MIT,registry+https://github.com/rust-lang/crates.io-index,apps/client/src-tauri/Cargo.lock,https://github.com/RustCrypto/traits,https://crates.io/api/v1/crates/crypto-common/0.1.7,
crypto-common,0.2.2,MIT OR Apache-2.0,exact-version cached crate Cargo.toml,LICENSE-APACHE; LICENSE-MIT,registry+https://github.com/rust-lang/crates.io-index,apps/client/src-tauri/Cargo.lock,https://github.com/RustCrypto/traits,https://crates.io/api/v1/crates/crypto-common/0.2.2,
cssparser,0.29.6,MPL-2.0,exact-version cached crate Cargo.toml,LICENSE,registry+https://github.com/rust-lang/crates.io-index,apps/client/src-tauri/Cargo.lock,https://github.com/servo/rust-cssparser,https://crates.io/api/v1/crates/cssparser/0.29.6,
cssparser,0.36.0,MPL-2.0,exact-version cached crate Cargo.toml,LICENSE,registry+https://github.com/rust-lang/crates.io-index,apps/client/src-tauri/Cargo.lock,https://github.com/servo/rust-cssparser,https://crates.io/api/v1/crates/cssparser/0.36.0,
cssparser-macros,0.6.1,MPL-2.0,exact-version cached crate Cargo.toml,LICENSE,registry+https://github.com/rust-lang/crates.io-index,apps/client/src-tauri/Cargo.lock,https://github.com/servo/rust-cssparser,https://crates.io/api/v1/crates/cssparser-macros/0.6.1,
ctor,0.8.0,Apache-2.0 OR MIT,exact-version cached crate Cargo.toml,LICENSE-APACHE; LICENSE-MIT,registry+https://github.com/rust-lang/crates.io-index,apps/client/src-tauri/Cargo.lock,https://github.com/mmastrac/rust-ctor,https://crates.io/api/v1/crates/ctor/0.8.0,
ctor-proc-macro,0.0.7,Apache-2.0 OR MIT,exact-version cached crate Cargo.toml,LICENSE-APACHE; LICENSE-MIT,registry+https://github.com/rust-lang/crates.io-index,apps/client/src-tauri/Cargo.lock,https://github.com/mmastrac/rust-ctor,https://crates.io/api/v1/crates/ctor-proc-macro/0.0.7,
ctutils,0.4.2,Apache-2.0 OR MIT,exact-version cached crate Cargo.toml,LICENSE-APACHE; LICENSE-MIT,registry+https://github.com/rust-lang/crates.io-index,apps/client/src-tauri/Cargo.lock,https://github.com/RustCrypto/utils,https://crates.io/api/v1/crates/ctutils/0.4.2,
curve25519-dalek,4.1.3,BSD-3-Clause,exact-version cached crate Cargo.toml,LICENSE,registry+https://github.com/rust-lang/crates.io-index,apps/client/src-tauri/Cargo.lock,https://github.com/dalek-cryptography/curve25519-dalek/tree/main/curve25519-dalek,https://crates.io/api/v1/crates/curve25519-dalek/4.1.3,
curve25519-dalek-derive,0.1.1,MIT/Apache-2.0,exact-version cached crate Cargo.toml,LICENSE-APACHE; LICENSE-MIT,registry+https://github.com/rust-lang/crates.io-index,apps/client/src-tauri/Cargo.lock,https://github.com/dalek-cryptography/curve25519-dalek,https://crates.io/api/v1/crates/curve25519-dalek-derive/0.1.1,
darling,0.23.0,MIT,exact-version cached crate Cargo.toml,LICENSE,registry+https://github.com/rust-lang/crates.io-index,apps/client/src-tauri/Cargo.lock,https://github.com/TedDriggs/darling,https://crates.io/api/v1/crates/darling/0.23.0,
darling_core,0.23.0,MIT,exact-version cached crate Cargo.toml,LICENSE,registry+https://github.com/rust-lang/crates.io-index,apps/client/src-tauri/Cargo.lock,https://github.com/TedDriggs/darling,https://crates.io/api/v1/crates/darling_core/0.23.0,
darling_macro,0.23.0,MIT,exact-version cached crate Cargo.toml,LICENSE,registry+https://github.com/rust-lang/crates.io-index,apps/client/src-tauri/Cargo.lock,https://github.com/TedDriggs/darling,https://crates.io/api/v1/crates/darling_macro/0.23.0,
data-encoding,2.11.0,MIT,exact-version cached crate Cargo.toml,LICENSE,registry+https://github.com/rust-lang/crates.io-index,apps/client/src-tauri/Cargo.lock,https://github.com/ia0/data-encoding,https://crates.io/api/v1/crates/data-encoding/2.11.0,
data-url,0.3.2,MIT OR Apache-2.0,exact-version cached crate Cargo.toml,LICENSE-APACHE; LICENSE-MIT,registry+https://github.com/rust-lang/crates.io-index,apps/client/src-tauri/Cargo.lock,https://github.com/servo/rust-url,https://crates.io/api/v1/crates/data-url/0.3.2,
dbus,0.9.11,Apache-2.0/MIT,exact-version crates.io metadata; crate contents not inspected,,registry+https://github.com/rust-lang/crates.io-index,apps/client/src-tauri/Cargo.lock,https://github.com/diwic/dbus-rs,https://crates.io/api/v1/crates/dbus/0.9.11,
der,0.8.1,Apache-2.0 OR MIT,exact-version cached crate Cargo.toml,LICENSE-APACHE; LICENSE-MIT,registry+https://github.com/rust-lang/crates.io-index,apps/client/src-tauri/Cargo.lock,https://github.com/RustCrypto/formats,https://crates.io/api/v1/crates/der/0.8.1,
deranged,0.5.8,MIT OR Apache-2.0,exact-version cached crate Cargo.toml,LICENSE-Apache; LICENSE-MIT,registry+https://github.com/rust-lang/crates.io-index,apps/client/src-tauri/Cargo.lock,https://github.com/jhpratt/deranged,https://crates.io/api/v1/crates/deranged/0.5.8,
derive_arbitrary,1.4.2,MIT OR Apache-2.0,exact-version crates.io metadata; crate contents not inspected,,registry+https://github.com/rust-lang/crates.io-index,apps/client/src-tauri/Cargo.lock,https://github.com/rust-fuzz/arbitrary,https://crates.io/api/v1/crates/derive_arbitrary/1.4.2,
derive_more,0.99.20,MIT,exact-version cached crate Cargo.toml,LICENSE,registry+https://github.com/rust-lang/crates.io-index,apps/client/src-tauri/Cargo.lock,https://github.com/JelteF/derive_more,https://crates.io/api/v1/crates/derive_more/0.99.20,
derive_more,2.1.1,MIT,exact-version cached crate Cargo.toml,LICENSE,registry+https://github.com/rust-lang/crates.io-index,apps/client/src-tauri/Cargo.lock,https://github.com/JelteF/derive_more,https://crates.io/api/v1/crates/derive_more/2.1.1,
derive_more-impl,2.1.1,MIT,exact-version cached crate Cargo.toml,LICENSE,registry+https://github.com/rust-lang/crates.io-index,apps/client/src-tauri/Cargo.lock,https://github.com/JelteF/derive_more,https://crates.io/api/v1/crates/derive_more-impl/2.1.1,
digest,0.10.7,MIT OR Apache-2.0,exact-version cached crate Cargo.toml,LICENSE-APACHE; LICENSE-MIT,registry+https://github.com/rust-lang/crates.io-index,apps/client/src-tauri/Cargo.lock,https://github.com/RustCrypto/traits,https://crates.io/api/v1/crates/digest/0.10.7,
dirs,4.0.0,MIT OR Apache-2.0,exact-version crates.io metadata; crate contents not inspected,,registry+https://github.com/rust-lang/crates.io-index,apps/client/src-tauri/Cargo.lock,https://github.com/soc/dirs-rs,https://crates.io/api/v1/crates/dirs/4.0.0,
dirs,5.0.1,MIT OR Apache-2.0,exact-version cached crate Cargo.toml,LICENSE-APACHE; LICENSE-MIT,registry+https://github.com/rust-lang/crates.io-index,apps/client/src-tauri/Cargo.lock,https://github.com/soc/dirs-rs,https://crates.io/api/v1/crates/dirs/5.0.1,
dirs,6.0.0,MIT OR Apache-2.0,exact-version cached crate Cargo.toml,LICENSE-APACHE; LICENSE-MIT,registry+https://github.com/rust-lang/crates.io-index,apps/client/src-tauri/Cargo.lock,https://github.com/soc/dirs-rs,https://crates.io/api/v1/crates/dirs/6.0.0,
dirs-sys,0.3.7,MIT OR Apache-2.0,exact-version crates.io metadata; crate contents not inspected,,registry+https://github.com/rust-lang/crates.io-index,apps/client/src-tauri/Cargo.lock,https://github.com/dirs-dev/dirs-sys-rs,https://crates.io/api/v1/crates/dirs-sys/0.3.7,
dirs-sys,0.4.1,MIT OR Apache-2.0,exact-version cached crate Cargo.toml,LICENSE-APACHE; LICENSE-MIT,registry+https://github.com/rust-lang/crates.io-index,apps/client/src-tauri/Cargo.lock,https://github.com/dirs-dev/dirs-sys-rs,https://crates.io/api/v1/crates/dirs-sys/0.4.1,
dirs-sys,0.5.0,MIT OR Apache-2.0,exact-version cached crate Cargo.toml,LICENSE-APACHE; LICENSE-MIT,registry+https://github.com/rust-lang/crates.io-index,apps/client/src-tauri/Cargo.lock,https://github.com/dirs-dev/dirs-sys-rs,https://crates.io/api/v1/crates/dirs-sys/0.5.0,
dispatch2,0.3.1,Zlib OR Apache-2.0 OR MIT,exact-version crates.io metadata; crate contents not inspected,,registry+https://github.com/rust-lang/crates.io-index,apps/client/src-tauri/Cargo.lock,https://github.com/madsmtm/objc2,https://crates.io/api/v1/crates/dispatch2/0.3.1,
displaydoc,0.2.5,MIT OR Apache-2.0,exact-version cached crate Cargo.toml,LICENSE-APACHE; LICENSE-MIT,registry+https://github.com/rust-lang/crates.io-index,apps/client/src-tauri/Cargo.lock,https://github.com/yaahc/displaydoc,https://crates.io/api/v1/crates/displaydoc/0.2.5,
dlib,0.5.3,MIT,exact-version crates.io metadata; crate contents not inspected,,registry+https://github.com/rust-lang/crates.io-index,apps/client/src-tauri/Cargo.lock,https://github.com/elinorbgr/dlib,https://crates.io/api/v1/crates/dlib/0.5.3,
dlopen2,0.8.2,MIT,exact-version crates.io metadata; crate contents not inspected,,registry+https://github.com/rust-lang/crates.io-index,apps/client/src-tauri/Cargo.lock,https://github.com/OpenByteDev/dlopen2,https://crates.io/api/v1/crates/dlopen2/0.8.2,
dlopen2_derive,0.4.3,MIT,exact-version crates.io metadata; crate contents not inspected,,registry+https://github.com/rust-lang/crates.io-index,apps/client/src-tauri/Cargo.lock,https://github.com/OpenByteDev/dlopen2,https://crates.io/api/v1/crates/dlopen2_derive/0.4.3,
dom_query,0.27.0,MIT,exact-version cached crate Cargo.toml,LICENSE,registry+https://github.com/rust-lang/crates.io-index,apps/client/src-tauri/Cargo.lock,https://github.com/niklak/dom_query,https://crates.io/api/v1/crates/dom_query/0.27.0,
downcast-rs,1.2.1,MIT/Apache-2.0,exact-version cached crate Cargo.toml,LICENSE-APACHE; LICENSE-MIT,registry+https://github.com/rust-lang/crates.io-index,apps/client/src-tauri/Cargo.lock,https://github.com/marcianx/downcast-rs,https://crates.io/api/v1/crates/downcast-rs/1.2.1,
dpi,0.1.2,Apache-2.0 AND MIT,exact-version cached crate Cargo.toml,LICENSE; LICENSE-LIBM-MIT,registry+https://github.com/rust-lang/crates.io-index,apps/client/src-tauri/Cargo.lock,https://github.com/rust-windowing/winit,https://crates.io/api/v1/crates/dpi/0.1.2,
drm,0.14.1,MIT,exact-version crates.io metadata; crate contents not inspected,,registry+https://github.com/rust-lang/crates.io-index,apps/client/src-tauri/Cargo.lock,https://github.com/Smithay/drm-rs,https://crates.io/api/v1/crates/drm/0.14.1,
drm-ffi,0.9.1,MIT,exact-version crates.io metadata; crate contents not inspected,,registry+https://github.com/rust-lang/crates.io-index,apps/client/src-tauri/Cargo.lock,https://github.com/Smithay/drm-rs,https://crates.io/api/v1/crates/drm-ffi/0.9.1,
drm-fourcc,2.2.0,MIT,exact-version crates.io metadata; crate contents not inspected,,registry+https://github.com/rust-lang/crates.io-index,apps/client/src-tauri/Cargo.lock,https://github.com/danielzfranklin/drm-fourcc-rs,https://crates.io/api/v1/crates/drm-fourcc/2.2.0,
drm-sys,0.8.1,MIT,exact-version crates.io metadata; crate contents not inspected,,registry+https://github.com/rust-lang/crates.io-index,apps/client/src-tauri/Cargo.lock,https://github.com/Smithay/drm-rs,https://crates.io/api/v1/crates/drm-sys/0.8.1,
dtoa,1.0.11,MIT OR Apache-2.0,exact-version cached crate Cargo.toml,LICENSE-APACHE; LICENSE-MIT,registry+https://github.com/rust-lang/crates.io-index,apps/client/src-tauri/Cargo.lock,https://github.com/dtolnay/dtoa,https://crates.io/api/v1/crates/dtoa/1.0.11,
dtoa-short,0.3.5,MPL-2.0,exact-version cached crate Cargo.toml,LICENSE,registry+https://github.com/rust-lang/crates.io-index,apps/client/src-tauri/Cargo.lock,https://github.com/upsuper/dtoa-short,https://crates.io/api/v1/crates/dtoa-short/0.3.5,
dtor,0.3.0,Apache-2.0 OR MIT,exact-version cached crate Cargo.toml,LICENSE-APACHE; LICENSE-MIT,registry+https://github.com/rust-lang/crates.io-index,apps/client/src-tauri/Cargo.lock,https://github.com/mmastrac/rust-ctor,https://crates.io/api/v1/crates/dtor/0.3.0,
dtor-proc-macro,0.0.6,Apache-2.0 OR MIT,exact-version cached crate Cargo.toml,LICENSE-APACHE; LICENSE-MIT,registry+https://github.com/rust-lang/crates.io-index,apps/client/src-tauri/Cargo.lock,https://github.com/mmastrac/rust-ctor,https://crates.io/api/v1/crates/dtor-proc-macro/0.0.6,
dunce,1.0.5,CC0-1.0 OR MIT-0 OR Apache-2.0,exact-version cached crate Cargo.toml,LICENSE,registry+https://github.com/rust-lang/crates.io-index,apps/client/src-tauri/Cargo.lock,https://gitlab.com/kornelski/dunce,https://crates.io/api/v1/crates/dunce/1.0.5,
dyn-clone,1.0.20,MIT OR Apache-2.0,exact-version cached crate Cargo.toml,LICENSE-APACHE; LICENSE-MIT,registry+https://github.com/rust-lang/crates.io-index,apps/client/src-tauri/Cargo.lock,https://github.com/dtolnay/dyn-clone,https://crates.io/api/v1/crates/dyn-clone/1.0.20,
either,1.15.0,MIT OR Apache-2.0,exact-version cached crate Cargo.toml,LICENSE-APACHE; LICENSE-MIT,registry+https://github.com/rust-lang/crates.io-index,apps/client/src-tauri/Cargo.lock,https://github.com/rayon-rs/either,https://crates.io/api/v1/crates/either/1.15.0,
embed-resource,3.0.8,MIT,exact-version cached crate Cargo.toml,LICENSE,registry+https://github.com/rust-lang/crates.io-index,apps/client/src-tauri/Cargo.lock,https://github.com/nabijaczleweli/rust-embed-resource,https://crates.io/api/v1/crates/embed-resource/3.0.8,
embed_plist,1.2.2,MIT OR Apache-2.0,exact-version crates.io metadata; crate contents not inspected,,registry+https://github.com/rust-lang/crates.io-index,apps/client/src-tauri/Cargo.lock,https://github.com/nvzqz/embed-plist-rs,https://crates.io/api/v1/crates/embed_plist/1.2.2,
endi,1.1.1,MIT,exact-version crates.io metadata; crate contents not inspected,,registry+https://github.com/rust-lang/crates.io-index,apps/client/src-tauri/Cargo.lock,https://github.com/zeenix/endi,https://crates.io/api/v1/crates/endi/1.1.1,
enigo,0.6.1,MIT,exact-version cached crate Cargo.toml,LICENSE,registry+https://github.com/rust-lang/crates.io-index,apps/client/src-tauri/Cargo.lock,https://github.com/enigo-rs/enigo,https://crates.io/api/v1/crates/enigo/0.6.1,
enumflags2,0.7.12,MIT OR Apache-2.0,exact-version crates.io metadata; crate contents not inspected,,registry+https://github.com/rust-lang/crates.io-index,apps/client/src-tauri/Cargo.lock,https://github.com/meithecatte/enumflags2,https://crates.io/api/v1/crates/enumflags2/0.7.12,
enumflags2_derive,0.7.12,MIT OR Apache-2.0,exact-version crates.io metadata; crate contents not inspected,,registry+https://github.com/rust-lang/crates.io-index,apps/client/src-tauri/Cargo.lock,https://github.com/meithecatte/enumflags2,https://crates.io/api/v1/crates/enumflags2_derive/0.7.12,
equivalent,1.0.2,Apache-2.0 OR MIT,exact-version cached crate Cargo.toml,LICENSE-APACHE; LICENSE-MIT,registry+https://github.com/rust-lang/crates.io-index,apps/client/src-tauri/Cargo.lock,https://github.com/indexmap-rs/equivalent,https://crates.io/api/v1/crates/equivalent/1.0.2,
erased-serde,0.4.10,MIT OR Apache-2.0,exact-version cached crate Cargo.toml,LICENSE-APACHE; LICENSE-MIT,registry+https://github.com/rust-lang/crates.io-index,apps/client/src-tauri/Cargo.lock,https://github.com/dtolnay/erased-serde,https://crates.io/api/v1/crates/erased-serde/0.4.10,
errno,0.3.14,MIT OR Apache-2.0,exact-version cached crate Cargo.toml,LICENSE-APACHE; LICENSE-MIT,registry+https://github.com/rust-lang/crates.io-index,apps/client/src-tauri/Cargo.lock,https://github.com/lambda-fairy/rust-errno,https://crates.io/api/v1/crates/errno/0.3.14,
euclid,0.22.14,MIT OR Apache-2.0,exact-version cached crate Cargo.toml,COPYRIGHT; LICENSE-APACHE; LICENSE-MIT,registry+https://github.com/rust-lang/crates.io-index,apps/client/src-tauri/Cargo.lock,https://github.com/servo/euclid,https://crates.io/api/v1/crates/euclid/0.22.14,
event-listener,5.4.1,Apache-2.0 OR MIT,exact-version crates.io metadata; crate contents not inspected,,registry+https://github.com/rust-lang/crates.io-index,apps/client/src-tauri/Cargo.lock,https://github.com/smol-rs/event-listener,https://crates.io/api/v1/crates/event-listener/5.4.1,
event-listener-strategy,0.5.4,Apache-2.0 OR MIT,exact-version crates.io metadata; crate contents not inspected,,registry+https://github.com/rust-lang/crates.io-index,apps/client/src-tauri/Cargo.lock,https://github.com/smol-rs/event-listener-strategy,https://crates.io/api/v1/crates/event-listener-strategy/0.5.4,
fallible-iterator,0.3.0,MIT/Apache-2.0,exact-version cached crate Cargo.toml,LICENSE-APACHE; LICENSE-MIT,registry+https://github.com/rust-lang/crates.io-index,apps/client/src-tauri/Cargo.lock,https://github.com/sfackler/rust-fallible-iterator,https://crates.io/api/v1/crates/fallible-iterator/0.3.0,
fallible-streaming-iterator,0.1.9,MIT/Apache-2.0,exact-version cached crate Cargo.toml,LICENSE-APACHE; LICENSE-MIT,registry+https://github.com/rust-lang/crates.io-index,apps/client/src-tauri/Cargo.lock,https://github.com/sfackler/fallible-streaming-iterator,https://crates.io/api/v1/crates/fallible-streaming-iterator/0.1.9,
fastrand,2.4.1,Apache-2.0 OR MIT,exact-version cached crate Cargo.toml,LICENSE-APACHE; LICENSE-MIT,registry+https://github.com/rust-lang/crates.io-index,apps/client/src-tauri/Cargo.lock,https://github.com/smol-rs/fastrand,https://crates.io/api/v1/crates/fastrand/2.4.1,
fdeflate,0.3.7,MIT OR Apache-2.0,exact-version cached crate Cargo.toml,LICENSE-APACHE; LICENSE-MIT,registry+https://github.com/rust-lang/crates.io-index,apps/client/src-tauri/Cargo.lock,https://github.com/image-rs/fdeflate,https://crates.io/api/v1/crates/fdeflate/0.3.7,
fiat-crypto,0.2.9,MIT OR Apache-2.0 OR BSD-1-Clause,exact-version crates.io metadata; crate contents not inspected,,registry+https://github.com/rust-lang/crates.io-index,apps/client/src-tauri/Cargo.lock,https://github.com/mit-plv/fiat-crypto,https://crates.io/api/v1/crates/fiat-crypto/0.2.9,
field-offset,0.3.6,MIT OR Apache-2.0,exact-version crates.io metadata; crate contents not inspected,,registry+https://github.com/rust-lang/crates.io-index,apps/client/src-tauri/Cargo.lock,https://github.com/Diggsey/rust-field-offset,https://crates.io/api/v1/crates/field-offset/0.3.6,
filedescriptor,0.8.3,MIT,exact-version cached crate Cargo.toml,LICENSE.md,registry+https://github.com/rust-lang/crates.io-index,apps/client/src-tauri/Cargo.lock,https://github.com/wezterm/wezterm,https://crates.io/api/v1/crates/filedescriptor/0.8.3,
filetime,0.2.29,MIT/Apache-2.0,exact-version cached crate Cargo.toml,LICENSE-APACHE; LICENSE-MIT,registry+https://github.com/rust-lang/crates.io-index,apps/client/src-tauri/Cargo.lock,https://github.com/alexcrichton/filetime,https://crates.io/api/v1/crates/filetime/0.2.29,
find-msvc-tools,0.1.9,MIT OR Apache-2.0,exact-version cached crate Cargo.toml,LICENSE-APACHE; LICENSE-MIT,registry+https://github.com/rust-lang/crates.io-index,apps/client/src-tauri/Cargo.lock,https://github.com/rust-lang/cc-rs,https://crates.io/api/v1/crates/find-msvc-tools/0.1.9,
flate2,1.1.9,MIT OR Apache-2.0,exact-version cached crate Cargo.toml,LICENSE-APACHE; LICENSE-MIT,registry+https://github.com/rust-lang/crates.io-index,apps/client/src-tauri/Cargo.lock,https://github.com/rust-lang/flate2-rs,https://crates.io/api/v1/crates/flate2/1.1.9,
float-cmp,0.9.0,MIT,exact-version cached crate Cargo.toml,LICENSE,registry+https://github.com/rust-lang/crates.io-index,apps/client/src-tauri/Cargo.lock,https://github.com/mikedilger/float-cmp,https://crates.io/api/v1/crates/float-cmp/0.9.0,
flume,0.12.0,Apache-2.0/MIT,exact-version cached crate Cargo.toml,LICENSE-APACHE; LICENSE-MIT,registry+https://github.com/rust-lang/crates.io-index,apps/client/src-tauri/Cargo.lock,https://github.com/zesterer/flume,https://crates.io/api/v1/crates/flume/0.12.0,
fnv,1.0.7,Apache-2.0 / MIT,exact-version cached crate Cargo.toml,LICENSE-APACHE; LICENSE-MIT,registry+https://github.com/rust-lang/crates.io-index,apps/client/src-tauri/Cargo.lock,https://github.com/servo/rust-fnv,https://crates.io/api/v1/crates/fnv/1.0.7,
foldhash,0.1.5,Zlib,exact-version crates.io metadata; crate contents not inspected,,registry+https://github.com/rust-lang/crates.io-index,apps/client/src-tauri/Cargo.lock,https://github.com/orlp/foldhash,https://crates.io/api/v1/crates/foldhash/0.1.5,
foldhash,0.2.0,Zlib,exact-version cached crate Cargo.toml,LICENSE,registry+https://github.com/rust-lang/crates.io-index,apps/client/src-tauri/Cargo.lock,https://github.com/orlp/foldhash,https://crates.io/api/v1/crates/foldhash/0.2.0,
font8x8,0.3.1,MIT,exact-version cached crate Cargo.toml,LICENSE,registry+https://github.com/rust-lang/crates.io-index,apps/client/src-tauri/Cargo.lock,https://gitlab.com/saibatizoku/font8x8-rs,https://crates.io/api/v1/crates/font8x8/0.3.1,
fontconfig-parser,0.5.8,MIT,exact-version crates.io metadata; crate contents not inspected,,registry+https://github.com/rust-lang/crates.io-index,apps/client/src-tauri/Cargo.lock,https://github.com/Riey/fontconfig-parser,https://crates.io/api/v1/crates/fontconfig-parser/0.5.8,
fontdb,0.23.0,MIT,exact-version cached crate Cargo.toml,LICENSE,registry+https://github.com/rust-lang/crates.io-index,apps/client/src-tauri/Cargo.lock,https://github.com/RazrFalcon/fontdb,https://crates.io/api/v1/crates/fontdb/0.23.0,
foreign-types,0.3.2,MIT/Apache-2.0,exact-version crates.io metadata; crate contents not inspected,,registry+https://github.com/rust-lang/crates.io-index,apps/client/src-tauri/Cargo.lock,https://github.com/sfackler/foreign-types,https://crates.io/api/v1/crates/foreign-types/0.3.2,
foreign-types,0.5.0,MIT/Apache-2.0,exact-version crates.io metadata; crate contents not inspected,,registry+https://github.com/rust-lang/crates.io-index,apps/client/src-tauri/Cargo.lock,https://github.com/sfackler/foreign-types,https://crates.io/api/v1/crates/foreign-types/0.5.0,
foreign-types-macros,0.2.3,MIT/Apache-2.0,exact-version crates.io metadata; crate contents not inspected,,registry+https://github.com/rust-lang/crates.io-index,apps/client/src-tauri/Cargo.lock,https://github.com/sfackler/foreign-types,https://crates.io/api/v1/crates/foreign-types-macros/0.2.3,
foreign-types-shared,0.1.1,MIT/Apache-2.0,exact-version crates.io metadata; crate contents not inspected,,registry+https://github.com/rust-lang/crates.io-index,apps/client/src-tauri/Cargo.lock,https://github.com/sfackler/foreign-types,https://crates.io/api/v1/crates/foreign-types-shared/0.1.1,
foreign-types-shared,0.3.1,MIT/Apache-2.0,exact-version crates.io metadata; crate contents not inspected,,registry+https://github.com/rust-lang/crates.io-index,apps/client/src-tauri/Cargo.lock,https://github.com/sfackler/foreign-types,https://crates.io/api/v1/crates/foreign-types-shared/0.3.1,
form_urlencoded,1.2.2,MIT OR Apache-2.0,exact-version cached crate Cargo.toml,LICENSE-APACHE; LICENSE-MIT,registry+https://github.com/rust-lang/crates.io-index,apps/client/src-tauri/Cargo.lock,https://github.com/servo/rust-url,https://crates.io/api/v1/crates/form_urlencoded/1.2.2,
fs_extra,1.3.0,MIT,exact-version cached crate Cargo.toml,LICENSE,registry+https://github.com/rust-lang/crates.io-index,apps/client/src-tauri/Cargo.lock,https://github.com/webdesus/fs_extra,https://crates.io/api/v1/crates/fs_extra/1.3.0,
futf,0.1.5,MIT / Apache-2.0,exact-version cached crate Cargo.toml,LICENSE-APACHE; LICENSE-MIT,registry+https://github.com/rust-lang/crates.io-index,apps/client/src-tauri/Cargo.lock,https://github.com/servo/futf,https://crates.io/api/v1/crates/futf/0.1.5,
futures-channel,0.3.32,MIT OR Apache-2.0,exact-version cached crate Cargo.toml,LICENSE-APACHE; LICENSE-MIT,registry+https://github.com/rust-lang/crates.io-index,apps/client/src-tauri/Cargo.lock,https://github.com/rust-lang/futures-rs,https://crates.io/api/v1/crates/futures-channel/0.3.32,
futures-core,0.3.32,MIT OR Apache-2.0,exact-version cached crate Cargo.toml,LICENSE-APACHE; LICENSE-MIT,registry+https://github.com/rust-lang/crates.io-index,apps/client/src-tauri/Cargo.lock,https://github.com/rust-lang/futures-rs,https://crates.io/api/v1/crates/futures-core/0.3.32,
futures-executor,0.3.32,MIT OR Apache-2.0,exact-version crates.io metadata; crate contents not inspected,,registry+https://github.com/rust-lang/crates.io-index,apps/client/src-tauri/Cargo.lock,https://github.com/rust-lang/futures-rs,https://crates.io/api/v1/crates/futures-executor/0.3.32,
futures-io,0.3.32,MIT OR Apache-2.0,exact-version cached crate Cargo.toml,LICENSE-APACHE; LICENSE-MIT,registry+https://github.com/rust-lang/crates.io-index,apps/client/src-tauri/Cargo.lock,https://github.com/rust-lang/futures-rs,https://crates.io/api/v1/crates/futures-io/0.3.32,
futures-lite,2.6.1,Apache-2.0 OR MIT,exact-version crates.io metadata; crate contents not inspected,,registry+https://github.com/rust-lang/crates.io-index,apps/client/src-tauri/Cargo.lock,https://github.com/smol-rs/futures-lite,https://crates.io/api/v1/crates/futures-lite/2.6.1,
futures-macro,0.3.32,MIT OR Apache-2.0,exact-version cached crate Cargo.toml,LICENSE-APACHE; LICENSE-MIT,registry+https://github.com/rust-lang/crates.io-index,apps/client/src-tauri/Cargo.lock,https://github.com/rust-lang/futures-rs,https://crates.io/api/v1/crates/futures-macro/0.3.32,
futures-sink,0.3.32,MIT OR Apache-2.0,exact-version cached crate Cargo.toml,LICENSE-APACHE; LICENSE-MIT,registry+https://github.com/rust-lang/crates.io-index,apps/client/src-tauri/Cargo.lock,https://github.com/rust-lang/futures-rs,https://crates.io/api/v1/crates/futures-sink/0.3.32,
futures-task,0.3.32,MIT OR Apache-2.0,exact-version cached crate Cargo.toml,LICENSE-APACHE; LICENSE-MIT,registry+https://github.com/rust-lang/crates.io-index,apps/client/src-tauri/Cargo.lock,https://github.com/rust-lang/futures-rs,https://crates.io/api/v1/crates/futures-task/0.3.32,
futures-util,0.3.32,MIT OR Apache-2.0,exact-version cached crate Cargo.toml,LICENSE-APACHE; LICENSE-MIT,registry+https://github.com/rust-lang/crates.io-index,apps/client/src-tauri/Cargo.lock,https://github.com/rust-lang/futures-rs,https://crates.io/api/v1/crates/futures-util/0.3.32,
fxhash,0.2.1,Apache-2.0/MIT,exact-version cached crate Cargo.toml,,registry+https://github.com/rust-lang/crates.io-index,apps/client/src-tauri/Cargo.lock,https://github.com/cbreeden/fxhash,https://crates.io/api/v1/crates/fxhash/0.2.1,
gbm,0.18.0,MIT,exact-version crates.io metadata; crate contents not inspected,,registry+https://github.com/rust-lang/crates.io-index,apps/client/src-tauri/Cargo.lock,https://github.com/Smithay/gbm.rs,https://crates.io/api/v1/crates/gbm/0.18.0,
gbm-sys,0.4.0,MIT,exact-version crates.io metadata; crate contents not inspected,,registry+https://github.com/rust-lang/crates.io-index,apps/client/src-tauri/Cargo.lock,https://github.com/Drakulix/gbm.rs/tree/master/gbm-sys,https://crates.io/api/v1/crates/gbm-sys/0.4.0,
gdk,0.18.2,MIT,exact-version crates.io metadata; crate contents not inspected,,registry+https://github.com/rust-lang/crates.io-index,apps/client/src-tauri/Cargo.lock,https://github.com/gtk-rs/gtk3-rs,https://crates.io/api/v1/crates/gdk/0.18.2,
gdk-pixbuf,0.18.5,MIT,exact-version crates.io metadata; crate contents not inspected,,registry+https://github.com/rust-lang/crates.io-index,apps/client/src-tauri/Cargo.lock,https://github.com/gtk-rs/gtk-rs-core,https://crates.io/api/v1/crates/gdk-pixbuf/0.18.5,
gdk-pixbuf-sys,0.18.0,MIT,exact-version crates.io metadata; crate contents not inspected,,registry+https://github.com/rust-lang/crates.io-index,apps/client/src-tauri/Cargo.lock,https://github.com/gtk-rs/gtk-rs-core,https://crates.io/api/v1/crates/gdk-pixbuf-sys/0.18.0,
gdk-sys,0.18.2,MIT,exact-version crates.io metadata; crate contents not inspected,,registry+https://github.com/rust-lang/crates.io-index,apps/client/src-tauri/Cargo.lock,https://github.com/gtk-rs/gtk3-rs,https://crates.io/api/v1/crates/gdk-sys/0.18.2,
gdkwayland-sys,0.18.2,MIT,exact-version crates.io metadata; crate contents not inspected,,registry+https://github.com/rust-lang/crates.io-index,apps/client/src-tauri/Cargo.lock,https://github.com/gtk-rs/gtk3-rs,https://crates.io/api/v1/crates/gdkwayland-sys/0.18.2,
gdkx11,0.18.2,MIT,exact-version crates.io metadata; crate contents not inspected,,registry+https://github.com/rust-lang/crates.io-index,apps/client/src-tauri/Cargo.lock,https://github.com/gtk-rs/gtk3-rs,https://crates.io/api/v1/crates/gdkx11/0.18.2,
gdkx11-sys,0.18.2,MIT,exact-version crates.io metadata; crate contents not inspected,,registry+https://github.com/rust-lang/crates.io-index,apps/client/src-tauri/Cargo.lock,https://github.com/gtk-rs/gtk3-rs,https://crates.io/api/v1/crates/gdkx11-sys/0.18.2,
generic-array,0.14.7,MIT,exact-version cached crate Cargo.toml,LICENSE,registry+https://github.com/rust-lang/crates.io-index,apps/client/src-tauri/Cargo.lock,https://github.com/fizyk20/generic-array.git,https://crates.io/api/v1/crates/generic-array/0.14.7,
gethostname,1.1.0,Apache-2.0,exact-version crates.io metadata; crate contents not inspected,,registry+https://github.com/rust-lang/crates.io-index,apps/client/src-tauri/Cargo.lock,https://codeberg.org/swsnr/gethostname.rs.git,https://crates.io/api/v1/crates/gethostname/1.1.0,
getrandom,0.1.16,MIT OR Apache-2.0,exact-version cached crate Cargo.toml,LICENSE-APACHE; LICENSE-MIT,registry+https://github.com/rust-lang/crates.io-index,apps/client/src-tauri/Cargo.lock,https://github.com/rust-random/getrandom,https://crates.io/api/v1/crates/getrandom/0.1.16,
getrandom,0.2.17,MIT OR Apache-2.0,exact-version cached crate Cargo.toml,LICENSE-APACHE; LICENSE-MIT,registry+https://github.com/rust-lang/crates.io-index,apps/client/src-tauri/Cargo.lock,https://github.com/rust-random/getrandom,https://crates.io/api/v1/crates/getrandom/0.2.17,
getrandom,0.3.4,MIT OR Apache-2.0,exact-version cached crate Cargo.toml,LICENSE-APACHE; LICENSE-MIT,registry+https://github.com/rust-lang/crates.io-index,apps/client/src-tauri/Cargo.lock,https://github.com/rust-random/getrandom,https://crates.io/api/v1/crates/getrandom/0.3.4,
getrandom,0.4.2,MIT OR Apache-2.0,exact-version cached crate Cargo.toml,LICENSE-APACHE; LICENSE-MIT,registry+https://github.com/rust-lang/crates.io-index,apps/client/src-tauri/Cargo.lock,https://github.com/rust-random/getrandom,https://crates.io/api/v1/crates/getrandom/0.4.2,
gio,0.18.4,MIT,exact-version crates.io metadata; crate contents not inspected,,registry+https://github.com/rust-lang/crates.io-index,apps/client/src-tauri/Cargo.lock,https://github.com/gtk-rs/gtk-rs-core,https://crates.io/api/v1/crates/gio/0.18.4,
gio-sys,0.18.1,MIT,exact-version crates.io metadata; crate contents not inspected,,registry+https://github.com/rust-lang/crates.io-index,apps/client/src-tauri/Cargo.lock,https://github.com/gtk-rs/gtk-rs-core,https://crates.io/api/v1/crates/gio-sys/0.18.1,
github-copilot-sdk,1.0.7-preview.2,MIT,exact-version cached crate Cargo.toml,LICENSE,registry+https://github.com/rust-lang/crates.io-index,apps/client/src-tauri/Cargo.lock,https://github.com/github/copilot-sdk,https://crates.io/api/v1/crates/github-copilot-sdk/1.0.7-preview.2,
gl,0.14.0,Apache-2.0,exact-version crates.io metadata; crate contents not inspected,,registry+https://github.com/rust-lang/crates.io-index,apps/client/src-tauri/Cargo.lock,https://github.com/brendanzab/gl-rs/,https://crates.io/api/v1/crates/gl/0.14.0,
gl_generator,0.14.0,Apache-2.0,exact-version crates.io metadata; crate contents not inspected,,registry+https://github.com/rust-lang/crates.io-index,apps/client/src-tauri/Cargo.lock,https://github.com/brendanzab/gl-rs/,https://crates.io/api/v1/crates/gl_generator/0.14.0,
glib,0.18.5,MIT,exact-version crates.io metadata; crate contents not inspected,,registry+https://github.com/rust-lang/crates.io-index,apps/client/src-tauri/Cargo.lock,https://github.com/gtk-rs/gtk-rs-core,https://crates.io/api/v1/crates/glib/0.18.5,
glib-macros,0.18.5,MIT,exact-version crates.io metadata; crate contents not inspected,,registry+https://github.com/rust-lang/crates.io-index,apps/client/src-tauri/Cargo.lock,https://github.com/gtk-rs/gtk-rs-core,https://crates.io/api/v1/crates/glib-macros/0.18.5,
glib-sys,0.18.1,MIT,exact-version crates.io metadata; crate contents not inspected,,registry+https://github.com/rust-lang/crates.io-index,apps/client/src-tauri/Cargo.lock,https://github.com/gtk-rs/gtk-rs-core,https://crates.io/api/v1/crates/glib-sys/0.18.1,
glob,0.3.3,MIT OR Apache-2.0,exact-version cached crate Cargo.toml,LICENSE-APACHE; LICENSE-MIT,registry+https://github.com/rust-lang/crates.io-index,apps/client/src-tauri/Cargo.lock,https://github.com/rust-lang/glob,https://crates.io/api/v1/crates/glob/0.3.3,
global-hotkey,0.7.0,Apache-2.0 OR MIT,exact-version cached crate Cargo.toml,LICENSE-APACHE; LICENSE-MIT; LICENSE.spdx,registry+https://github.com/rust-lang/crates.io-index,apps/client/src-tauri/Cargo.lock,https://github.com/amrbashir/global-hotkey,https://crates.io/api/v1/crates/global-hotkey/0.7.0,
gobject-sys,0.18.0,MIT,exact-version crates.io metadata; crate contents not inspected,,registry+https://github.com/rust-lang/crates.io-index,apps/client/src-tauri/Cargo.lock,https://github.com/gtk-rs/gtk-rs-core,https://crates.io/api/v1/crates/gobject-sys/0.18.0,
gtk,0.18.2,MIT,exact-version crates.io metadata; crate contents not inspected,,registry+https://github.com/rust-lang/crates.io-index,apps/client/src-tauri/Cargo.lock,https://github.com/gtk-rs/gtk3-rs,https://crates.io/api/v1/crates/gtk/0.18.2,
gtk-sys,0.18.2,MIT,exact-version crates.io metadata; crate contents not inspected,,registry+https://github.com/rust-lang/crates.io-index,apps/client/src-tauri/Cargo.lock,https://github.com/gtk-rs/gtk3-rs,https://crates.io/api/v1/crates/gtk-sys/0.18.2,
gtk3-macros,0.18.2,MIT,exact-version crates.io metadata; crate contents not inspected,,registry+https://github.com/rust-lang/crates.io-index,apps/client/src-tauri/Cargo.lock,https://github.com/gtk-rs/gtk3-rs,https://crates.io/api/v1/crates/gtk3-macros/0.18.2,
h2,0.4.15,MIT,exact-version cached crate Cargo.toml,LICENSE,registry+https://github.com/rust-lang/crates.io-index,apps/client/src-tauri/Cargo.lock,https://github.com/hyperium/h2,https://crates.io/api/v1/crates/h2/0.4.15,
hashbrown,0.12.3,MIT OR Apache-2.0,exact-version cached crate Cargo.toml,LICENSE-APACHE; LICENSE-MIT,registry+https://github.com/rust-lang/crates.io-index,apps/client/src-tauri/Cargo.lock,https://github.com/rust-lang/hashbrown,https://crates.io/api/v1/crates/hashbrown/0.12.3,
hashbrown,0.15.5,MIT OR Apache-2.0,exact-version crates.io metadata; crate contents not inspected,,registry+https://github.com/rust-lang/crates.io-index,apps/client/src-tauri/Cargo.lock,https://github.com/rust-lang/hashbrown,https://crates.io/api/v1/crates/hashbrown/0.15.5,
hashbrown,0.16.1,MIT OR Apache-2.0,exact-version cached crate Cargo.toml,LICENSE-APACHE; LICENSE-MIT,registry+https://github.com/rust-lang/crates.io-index,apps/client/src-tauri/Cargo.lock,https://github.com/rust-lang/hashbrown,https://crates.io/api/v1/crates/hashbrown/0.16.1,
hashbrown,0.17.0,MIT OR Apache-2.0,exact-version cached crate Cargo.toml,LICENSE-APACHE; LICENSE-MIT,registry+https://github.com/rust-lang/crates.io-index,apps/client/src-tauri/Cargo.lock,https://github.com/rust-lang/hashbrown,https://crates.io/api/v1/crates/hashbrown/0.17.0,
heck,0.4.1,MIT OR Apache-2.0,exact-version crates.io metadata; crate contents not inspected,,registry+https://github.com/rust-lang/crates.io-index,apps/client/src-tauri/Cargo.lock,https://github.com/withoutboats/heck,https://crates.io/api/v1/crates/heck/0.4.1,
heck,0.5.0,MIT OR Apache-2.0,exact-version cached crate Cargo.toml,LICENSE-APACHE; LICENSE-MIT,registry+https://github.com/rust-lang/crates.io-index,apps/client/src-tauri/Cargo.lock,https://github.com/withoutboats/heck,https://crates.io/api/v1/crates/heck/0.5.0,
hermit-abi,0.5.2,MIT OR Apache-2.0,exact-version crates.io metadata; crate contents not inspected,,registry+https://github.com/rust-lang/crates.io-index,apps/client/src-tauri/Cargo.lock,https://github.com/hermit-os/hermit-rs,https://crates.io/api/v1/crates/hermit-abi/0.5.2,
hex,0.4.3,MIT OR Apache-2.0,exact-version cached crate Cargo.toml,LICENSE-APACHE; LICENSE-MIT,registry+https://github.com/rust-lang/crates.io-index,apps/client/src-tauri/Cargo.lock,https://github.com/KokaKiwi/rust-hex,https://crates.io/api/v1/crates/hex/0.4.3,
hickory-net,0.26.3,MIT OR Apache-2.0,exact-version cached crate Cargo.toml,LICENSE-APACHE; LICENSE-MIT,registry+https://github.com/rust-lang/crates.io-index,apps/client/src-tauri/Cargo.lock,https://github.com/hickory-dns/hickory-dns,https://crates.io/api/v1/crates/hickory-net/0.26.3,
hickory-proto,0.26.3,MIT OR Apache-2.0,exact-version cached crate Cargo.toml,LICENSE-APACHE; LICENSE-MIT,registry+https://github.com/rust-lang/crates.io-index,apps/client/src-tauri/Cargo.lock,https://github.com/hickory-dns/hickory-dns,https://crates.io/api/v1/crates/hickory-proto/0.26.3,
hickory-resolver,0.26.3,MIT OR Apache-2.0,exact-version cached crate Cargo.toml,LICENSE-APACHE; LICENSE-MIT,registry+https://github.com/rust-lang/crates.io-index,apps/client/src-tauri/Cargo.lock,https://github.com/hickory-dns/hickory-dns,https://crates.io/api/v1/crates/hickory-resolver/0.26.3,
hmac-sha256,1.1.14,ISC,exact-version cached crate Cargo.toml,LICENSE,registry+https://github.com/rust-lang/crates.io-index,apps/client/src-tauri/Cargo.lock,https://github.com/jedisct1/rust-hmac-sha256,https://crates.io/api/v1/crates/hmac-sha256/1.1.14,
hound,3.5.1,Apache-2.0,exact-version cached crate Cargo.toml,license,registry+https://github.com/rust-lang/crates.io-index,apps/client/src-tauri/Cargo.lock,https://github.com/ruuda/hound,https://crates.io/api/v1/crates/hound/3.5.1,
html5ever,0.29.1,MIT OR Apache-2.0,exact-version cached crate Cargo.toml,LICENSE-APACHE; LICENSE-MIT,registry+https://github.com/rust-lang/crates.io-index,apps/client/src-tauri/Cargo.lock,https://github.com/servo/html5ever,https://crates.io/api/v1/crates/html5ever/0.29.1,
html5ever,0.38.0,MIT OR Apache-2.0,exact-version cached crate Cargo.toml,LICENSE-APACHE; LICENSE-MIT,registry+https://github.com/rust-lang/crates.io-index,apps/client/src-tauri/Cargo.lock,https://github.com/servo/html5ever,https://crates.io/api/v1/crates/html5ever/0.38.0,
http,1.4.0,MIT OR Apache-2.0,exact-version cached crate Cargo.toml,LICENSE-APACHE; LICENSE-MIT,registry+https://github.com/rust-lang/crates.io-index,apps/client/src-tauri/Cargo.lock,https://github.com/hyperium/http,https://crates.io/api/v1/crates/http/1.4.0,
http-body,1.0.1,MIT,exact-version cached crate Cargo.toml,LICENSE,registry+https://github.com/rust-lang/crates.io-index,apps/client/src-tauri/Cargo.lock,https://github.com/hyperium/http-body,https://crates.io/api/v1/crates/http-body/1.0.1,
http-body-util,0.1.3,MIT,exact-version cached crate Cargo.toml,LICENSE,registry+https://github.com/rust-lang/crates.io-index,apps/client/src-tauri/Cargo.lock,https://github.com/hyperium/http-body,https://crates.io/api/v1/crates/http-body-util/0.1.3,
http-range,0.1.5,MIT,exact-version cached crate Cargo.toml,LICENSE,registry+https://github.com/rust-lang/crates.io-index,apps/client/src-tauri/Cargo.lock,https://github.com/bancek/rust-http-range.git,https://crates.io/api/v1/crates/http-range/0.1.5,
httparse,1.10.1,MIT OR Apache-2.0,exact-version cached crate Cargo.toml,LICENSE-APACHE; LICENSE-MIT,registry+https://github.com/rust-lang/crates.io-index,apps/client/src-tauri/Cargo.lock,https://github.com/seanmonstar/httparse,https://crates.io/api/v1/crates/httparse/1.10.1,
hybrid-array,0.4.13,MIT OR Apache-2.0,exact-version cached crate Cargo.toml,LICENSE-APACHE; LICENSE-MIT,registry+https://github.com/rust-lang/crates.io-index,apps/client/src-tauri/Cargo.lock,https://github.com/RustCrypto/hybrid-array,https://crates.io/api/v1/crates/hybrid-array/0.4.13,
hyper,1.9.0,MIT,exact-version cached crate Cargo.toml,LICENSE,registry+https://github.com/rust-lang/crates.io-index,apps/client/src-tauri/Cargo.lock,https://github.com/hyperium/hyper,https://crates.io/api/v1/crates/hyper/1.9.0,
hyper-rustls,0.27.9,Apache-2.0 OR ISC OR MIT,exact-version cached crate Cargo.toml,LICENSE-APACHE; LICENSE-ISC; LICENSE-MIT,registry+https://github.com/rust-lang/crates.io-index,apps/client/src-tauri/Cargo.lock,https://github.com/rustls/hyper-rustls,https://crates.io/api/v1/crates/hyper-rustls/0.27.9,
hyper-tls,0.6.0,MIT/Apache-2.0,exact-version cached crate Cargo.toml,LICENSE-APACHE; LICENSE-MIT,registry+https://github.com/rust-lang/crates.io-index,apps/client/src-tauri/Cargo.lock,https://github.com/hyperium/hyper-tls,https://crates.io/api/v1/crates/hyper-tls/0.6.0,
hyper-util,0.1.20,MIT,exact-version cached crate Cargo.toml,LICENSE,registry+https://github.com/rust-lang/crates.io-index,apps/client/src-tauri/Cargo.lock,https://github.com/hyperium/hyper-util,https://crates.io/api/v1/crates/hyper-util/0.1.20,
iana-time-zone,0.1.65,MIT OR Apache-2.0,exact-version cached crate Cargo.toml,LICENSE-APACHE; LICENSE-MIT,registry+https://github.com/rust-lang/crates.io-index,apps/client/src-tauri/Cargo.lock,https://github.com/strawlab/iana-time-zone,https://crates.io/api/v1/crates/iana-time-zone/0.1.65,
iana-time-zone-haiku,0.1.2,MIT OR Apache-2.0,exact-version crates.io metadata; crate contents not inspected,,registry+https://github.com/rust-lang/crates.io-index,apps/client/src-tauri/Cargo.lock,https://github.com/strawlab/iana-time-zone,https://crates.io/api/v1/crates/iana-time-zone-haiku/0.1.2,
ico,0.5.0,MIT,exact-version cached crate Cargo.toml,LICENSE,registry+https://github.com/rust-lang/crates.io-index,apps/client/src-tauri/Cargo.lock,https://github.com/mdsteele/rust-ico,https://crates.io/api/v1/crates/ico/0.5.0,
icu_collections,2.2.0,Unicode-3.0,exact-version cached crate Cargo.toml,LICENSE,registry+https://github.com/rust-lang/crates.io-index,apps/client/src-tauri/Cargo.lock,https://github.com/unicode-org/icu4x,https://crates.io/api/v1/crates/icu_collections/2.2.0,
icu_locale_core,2.2.0,Unicode-3.0,exact-version cached crate Cargo.toml,LICENSE,registry+https://github.com/rust-lang/crates.io-index,apps/client/src-tauri/Cargo.lock,https://github.com/unicode-org/icu4x,https://crates.io/api/v1/crates/icu_locale_core/2.2.0,
icu_normalizer,2.2.0,Unicode-3.0,exact-version cached crate Cargo.toml,LICENSE,registry+https://github.com/rust-lang/crates.io-index,apps/client/src-tauri/Cargo.lock,https://github.com/unicode-org/icu4x,https://crates.io/api/v1/crates/icu_normalizer/2.2.0,
icu_normalizer_data,2.2.0,Unicode-3.0,exact-version cached crate Cargo.toml,LICENSE,registry+https://github.com/rust-lang/crates.io-index,apps/client/src-tauri/Cargo.lock,https://github.com/unicode-org/icu4x,https://crates.io/api/v1/crates/icu_normalizer_data/2.2.0,
icu_properties,2.2.0,Unicode-3.0,exact-version cached crate Cargo.toml,LICENSE,registry+https://github.com/rust-lang/crates.io-index,apps/client/src-tauri/Cargo.lock,https://github.com/unicode-org/icu4x,https://crates.io/api/v1/crates/icu_properties/2.2.0,
icu_properties_data,2.2.0,Unicode-3.0,exact-version cached crate Cargo.toml,LICENSE,registry+https://github.com/rust-lang/crates.io-index,apps/client/src-tauri/Cargo.lock,https://github.com/unicode-org/icu4x,https://crates.io/api/v1/crates/icu_properties_data/2.2.0,
icu_provider,2.2.0,Unicode-3.0,exact-version cached crate Cargo.toml,LICENSE,registry+https://github.com/rust-lang/crates.io-index,apps/client/src-tauri/Cargo.lock,https://github.com/unicode-org/icu4x,https://crates.io/api/v1/crates/icu_provider/2.2.0,
id-arena,2.3.0,MIT/Apache-2.0,exact-version crates.io metadata; crate contents not inspected,,registry+https://github.com/rust-lang/crates.io-index,apps/client/src-tauri/Cargo.lock,https://github.com/fitzgen/id-arena,https://crates.io/api/v1/crates/id-arena/2.3.0,
ident_case,1.0.1,MIT/Apache-2.0,exact-version cached crate Cargo.toml,LICENSE,registry+https://github.com/rust-lang/crates.io-index,apps/client/src-tauri/Cargo.lock,https://github.com/TedDriggs/ident_case,https://crates.io/api/v1/crates/ident_case/1.0.1,
idna,1.1.0,MIT OR Apache-2.0,exact-version cached crate Cargo.toml,LICENSE-APACHE; LICENSE-MIT,registry+https://github.com/rust-lang/crates.io-index,apps/client/src-tauri/Cargo.lock,https://github.com/servo/rust-url/,https://crates.io/api/v1/crates/idna/1.1.0,
idna_adapter,1.2.1,Apache-2.0 OR MIT,exact-version cached crate Cargo.toml,LICENSE-APACHE; LICENSE-MIT,registry+https://github.com/rust-lang/crates.io-index,apps/client/src-tauri/Cargo.lock,https://github.com/hsivonen/idna_adapter,https://crates.io/api/v1/crates/idna_adapter/1.2.1,
if-addrs,0.15.0,MIT OR BSD-3-Clause,exact-version cached crate Cargo.toml,LICENSE-BSD; LICENSE-MIT,registry+https://github.com/rust-lang/crates.io-index,apps/client/src-tauri/Cargo.lock,https://github.com/messense/if-addrs,https://crates.io/api/v1/crates/if-addrs/0.15.0,
image,0.25.10,MIT OR Apache-2.0,exact-version cached crate Cargo.toml,LICENSE-APACHE; LICENSE-MIT,registry+https://github.com/rust-lang/crates.io-index,apps/client/src-tauri/Cargo.lock,https://github.com/image-rs/image,https://crates.io/api/v1/crates/image/0.25.10,
image-webp,0.2.4,MIT OR Apache-2.0,exact-version cached crate Cargo.toml,LICENSE-APACHE; LICENSE-MIT,registry+https://github.com/rust-lang/crates.io-index,apps/client/src-tauri/Cargo.lock,https://github.com/image-rs/image-webp,https://crates.io/api/v1/crates/image-webp/0.2.4,
imagesize,0.14.0,MIT,exact-version cached crate Cargo.toml,LICENSE,registry+https://github.com/rust-lang/crates.io-index,apps/client/src-tauri/Cargo.lock,https://github.com/Roughsketch/imagesize,https://crates.io/api/v1/crates/imagesize/0.14.0,
indexmap,1.9.3,Apache-2.0 OR MIT,exact-version cached crate Cargo.toml,LICENSE-APACHE; LICENSE-MIT,registry+https://github.com/rust-lang/crates.io-index,apps/client/src-tauri/Cargo.lock,https://github.com/bluss/indexmap,https://crates.io/api/v1/crates/indexmap/1.9.3,
indexmap,2.14.0,Apache-2.0 OR MIT,exact-version cached crate Cargo.toml,LICENSE-APACHE; LICENSE-MIT,registry+https://github.com/rust-lang/crates.io-index,apps/client/src-tauri/Cargo.lock,https://github.com/indexmap-rs/indexmap,https://crates.io/api/v1/crates/indexmap/2.14.0,
infer,0.19.0,MIT,exact-version cached crate Cargo.toml,LICENSE,registry+https://github.com/rust-lang/crates.io-index,apps/client/src-tauri/Cargo.lock,https://github.com/bojand/infer,https://crates.io/api/v1/crates/infer/0.19.0,
inout,0.1.4,MIT OR Apache-2.0,exact-version cached crate Cargo.toml,LICENSE-APACHE; LICENSE-MIT,registry+https://github.com/rust-lang/crates.io-index,apps/client/src-tauri/Cargo.lock,https://github.com/RustCrypto/utils,https://crates.io/api/v1/crates/inout/0.1.4,
inout,0.2.2,MIT OR Apache-2.0,exact-version cached crate Cargo.toml,LICENSE-APACHE; LICENSE-MIT,registry+https://github.com/rust-lang/crates.io-index,apps/client/src-tauri/Cargo.lock,https://github.com/RustCrypto/utils,https://crates.io/api/v1/crates/inout/0.2.2,
ipconfig,0.3.4,MIT/Apache-2.0,exact-version cached crate Cargo.toml,LICENSE-APACHE; LICENSE-MIT,registry+https://github.com/rust-lang/crates.io-index,apps/client/src-tauri/Cargo.lock,https://github.com/liranringel/ipconfig,https://crates.io/api/v1/crates/ipconfig/0.3.4,
ipnet,2.12.0,MIT OR Apache-2.0,exact-version cached crate Cargo.toml,LICENSE-APACHE; LICENSE-MIT,registry+https://github.com/rust-lang/crates.io-index,apps/client/src-tauri/Cargo.lock,https://github.com/krisprice/ipnet,https://crates.io/api/v1/crates/ipnet/2.12.0,
iri-string,0.7.12,MIT OR Apache-2.0,exact-version cached crate Cargo.toml,LICENSE-APACHE.txt; LICENSE-MIT.txt,registry+https://github.com/rust-lang/crates.io-index,apps/client/src-tauri/Cargo.lock,https://github.com/lo48576/iri-string,https://crates.io/api/v1/crates/iri-string/0.7.12,
is-docker,0.2.0,MIT,exact-version crates.io metadata; crate contents not inspected,,registry+https://github.com/rust-lang/crates.io-index,apps/client/src-tauri/Cargo.lock,https://github.com/TheLarkInn/is-docker,https://crates.io/api/v1/crates/is-docker/0.2.0,
is-wsl,0.4.0,MIT,exact-version crates.io metadata; crate contents not inspected,,registry+https://github.com/rust-lang/crates.io-index,apps/client/src-tauri/Cargo.lock,https://github.com/TheLarkInn/is-wsl,https://crates.io/api/v1/crates/is-wsl/0.4.0,
itertools,0.13.0,MIT OR Apache-2.0,exact-version cached crate Cargo.toml,LICENSE-APACHE; LICENSE-MIT,registry+https://github.com/rust-lang/crates.io-index,apps/client/src-tauri/Cargo.lock,https://github.com/rust-itertools/itertools,https://crates.io/api/v1/crates/itertools/0.13.0,
itoa,1.0.18,MIT OR Apache-2.0,exact-version cached crate Cargo.toml,LICENSE-APACHE; LICENSE-MIT,registry+https://github.com/rust-lang/crates.io-index,apps/client/src-tauri/Cargo.lock; packages/fleet-protocol/Cargo.lock,https://github.com/dtolnay/itoa,https://crates.io/api/v1/crates/itoa/1.0.18,
javascriptcore-rs,1.1.2,MIT,exact-version crates.io metadata; crate contents not inspected,,registry+https://github.com/rust-lang/crates.io-index,apps/client/src-tauri/Cargo.lock,https://github.com/tauri-apps/javascriptcore-rs,https://crates.io/api/v1/crates/javascriptcore-rs/1.1.2,
javascriptcore-rs-sys,1.1.1,MIT,exact-version crates.io metadata; crate contents not inspected,,registry+https://github.com/rust-lang/crates.io-index,apps/client/src-tauri/Cargo.lock,https://github.com/tauri-apps/javascriptcore-rs,https://crates.io/api/v1/crates/javascriptcore-rs-sys/1.1.1,
jni,0.21.1,MIT/Apache-2.0,exact-version cached crate Cargo.toml,LICENSE-APACHE; LICENSE-MIT,registry+https://github.com/rust-lang/crates.io-index,apps/client/src-tauri/Cargo.lock,https://github.com/jni-rs/jni-rs,https://crates.io/api/v1/crates/jni/0.21.1,
jni,0.22.4,MIT OR Apache-2.0,exact-version crates.io metadata; crate contents not inspected,,registry+https://github.com/rust-lang/crates.io-index,apps/client/src-tauri/Cargo.lock,https://github.com/jni-rs/jni-rs,https://crates.io/api/v1/crates/jni/0.22.4,
jni-macros,0.22.4,MIT OR Apache-2.0,exact-version crates.io metadata; crate contents not inspected,,registry+https://github.com/rust-lang/crates.io-index,apps/client/src-tauri/Cargo.lock,https://github.com/jni-rs/jni-rs,https://crates.io/api/v1/crates/jni-macros/0.22.4,
jni-sys,0.3.1,MIT OR Apache-2.0,exact-version cached crate Cargo.toml,LICENSE-APACHE; LICENSE-MIT,registry+https://github.com/rust-lang/crates.io-index,apps/client/src-tauri/Cargo.lock,https://github.com/jni-rs/jni-sys,https://crates.io/api/v1/crates/jni-sys/0.3.1,
jni-sys,0.4.1,MIT OR Apache-2.0,exact-version cached crate Cargo.toml,LICENSE-APACHE; LICENSE-MIT,registry+https://github.com/rust-lang/crates.io-index,apps/client/src-tauri/Cargo.lock,https://github.com/jni-rs/jni-sys,https://crates.io/api/v1/crates/jni-sys/0.4.1,
jni-sys-macros,0.4.1,MIT OR Apache-2.0,exact-version cached crate Cargo.toml,,registry+https://github.com/rust-lang/crates.io-index,apps/client/src-tauri/Cargo.lock,https://github.com/jni-rs/jni-sys,https://crates.io/api/v1/crates/jni-sys-macros/0.4.1,
jobserver,0.1.35,MIT OR Apache-2.0,exact-version cached crate Cargo.toml,LICENSE-APACHE; LICENSE-MIT,registry+https://github.com/rust-lang/crates.io-index,apps/client/src-tauri/Cargo.lock,https://github.com/rust-lang/jobserver-rs,https://crates.io/api/v1/crates/jobserver/0.1.35,
js-sys,0.3.95,MIT OR Apache-2.0,exact-version crates.io metadata; crate contents not inspected,,registry+https://github.com/rust-lang/crates.io-index,apps/client/src-tauri/Cargo.lock,https://github.com/wasm-bindgen/wasm-bindgen/tree/master/crates/js-sys,https://crates.io/api/v1/crates/js-sys/0.3.95,
json-patch,3.0.1,MIT/Apache-2.0,exact-version cached crate Cargo.toml,LICENSE-APACHE; LICENSE-MIT,registry+https://github.com/rust-lang/crates.io-index,apps/client/src-tauri/Cargo.lock,https://github.com/idubrov/json-patch,https://crates.io/api/v1/crates/json-patch/3.0.1,
jsonptr,0.6.3,MIT OR Apache-2.0,exact-version cached crate Cargo.toml,LICENSE-APACHE; LICENSE-MIT,registry+https://github.com/rust-lang/crates.io-index,apps/client/src-tauri/Cargo.lock,https://github.com/chanced/jsonptr,https://crates.io/api/v1/crates/jsonptr/0.6.3,
keyboard-types,0.7.0,MIT OR Apache-2.0,exact-version cached crate Cargo.toml,LICENSE-APACHE; LICENSE-MIT,registry+https://github.com/rust-lang/crates.io-index,apps/client/src-tauri/Cargo.lock,https://github.com/pyfisch/keyboard-types,https://crates.io/api/v1/crates/keyboard-types/0.7.0,
khronos-egl,6.0.0,MIT/Apache-2.0,exact-version crates.io metadata; crate contents not inspected,,registry+https://github.com/rust-lang/crates.io-index,apps/client/src-tauri/Cargo.lock,https://github.com/timothee-haudebourg/khronos-egl,https://crates.io/api/v1/crates/khronos-egl/6.0.0,
khronos_api,3.1.0,Apache-2.0,exact-version crates.io metadata; crate contents not inspected,,registry+https://github.com/rust-lang/crates.io-index,apps/client/src-tauri/Cargo.lock,https://github.com/brendanzab/gl-rs/,https://crates.io/api/v1/crates/khronos_api/3.1.0,
kuchikiki,0.8.8-speedreader,MIT,exact-version cached crate Cargo.toml,LICENSE,registry+https://github.com/rust-lang/crates.io-index,apps/client/src-tauri/Cargo.lock,https://github.com/brave/kuchikiki,https://crates.io/api/v1/crates/kuchikiki/0.8.8-speedreader,
kurbo,0.13.1,Apache-2.0 OR MIT,exact-version cached crate Cargo.toml,LICENSE-APACHE; LICENSE-MIT,registry+https://github.com/rust-lang/crates.io-index,apps/client/src-tauri/Cargo.lock,https://github.com/linebender/kurbo,https://crates.io/api/v1/crates/kurbo/0.13.1,
lazy_static,1.5.0,MIT OR Apache-2.0,exact-version cached crate Cargo.toml,LICENSE-APACHE; LICENSE-MIT,registry+https://github.com/rust-lang/crates.io-index,apps/client/src-tauri/Cargo.lock,https://github.com/rust-lang-nursery/lazy-static.rs,https://crates.io/api/v1/crates/lazy_static/1.5.0,
leb128fmt,0.1.0,MIT OR Apache-2.0,exact-version crates.io metadata; crate contents not inspected,,registry+https://github.com/rust-lang/crates.io-index,apps/client/src-tauri/Cargo.lock,https://github.com/bluk/leb128fmt,https://crates.io/api/v1/crates/leb128fmt/0.1.0,
libappindicator,0.9.0,Apache-2.0 OR MIT,exact-version crates.io metadata; crate contents not inspected,,registry+https://github.com/rust-lang/crates.io-index,apps/client/src-tauri/Cargo.lock,,https://crates.io/api/v1/crates/libappindicator/0.9.0,
libappindicator-sys,0.9.0,Apache-2.0 OR MIT,exact-version crates.io metadata; crate contents not inspected,,registry+https://github.com/rust-lang/crates.io-index,apps/client/src-tauri/Cargo.lock,,https://crates.io/api/v1/crates/libappindicator-sys/0.9.0,
libc,0.2.185,MIT OR Apache-2.0,exact-version cached crate Cargo.toml,LICENSE-APACHE; LICENSE-MIT,registry+https://github.com/rust-lang/crates.io-index,apps/client/src-tauri/Cargo.lock,https://github.com/rust-lang/libc,https://crates.io/api/v1/crates/libc/0.2.185,
libdbus-sys,0.2.7,Apache-2.0/MIT,exact-version crates.io metadata; crate contents not inspected,,registry+https://github.com/rust-lang/crates.io-index,apps/client/src-tauri/Cargo.lock,https://github.com/diwic/dbus-rs,https://crates.io/api/v1/crates/libdbus-sys/0.2.7,
libloading,0.7.4,ISC,exact-version crates.io metadata; crate contents not inspected,,registry+https://github.com/rust-lang/crates.io-index,apps/client/src-tauri/Cargo.lock,https://github.com/nagisa/rust_libloading/,https://crates.io/api/v1/crates/libloading/0.7.4,
libloading,0.8.9,ISC,exact-version cached crate Cargo.toml,LICENSE,registry+https://github.com/rust-lang/crates.io-index,apps/client/src-tauri/Cargo.lock,https://github.com/nagisa/rust_libloading/,https://crates.io/api/v1/crates/libloading/0.8.9,
libm,0.2.16,MIT,exact-version cached crate Cargo.toml,LICENSE.txt,registry+https://github.com/rust-lang/crates.io-index,apps/client/src-tauri/Cargo.lock,https://github.com/rust-lang/compiler-builtins,https://crates.io/api/v1/crates/libm/0.2.16,
libredox,0.1.16,MIT,exact-version crates.io metadata; crate contents not inspected,,registry+https://github.com/rust-lang/crates.io-index,apps/client/src-tauri/Cargo.lock,https://gitlab.redox-os.org/redox-os/libredox.git,https://crates.io/api/v1/crates/libredox/0.1.16,
libspa,0.9.2,MIT,exact-version crates.io metadata; crate contents not inspected,,registry+https://github.com/rust-lang/crates.io-index,apps/client/src-tauri/Cargo.lock,https://gitlab.freedesktop.org/pipewire/pipewire-rs,https://crates.io/api/v1/crates/libspa/0.9.2,
libspa-sys,0.9.2,MIT,exact-version crates.io metadata; crate contents not inspected,,registry+https://github.com/rust-lang/crates.io-index,apps/client/src-tauri/Cargo.lock,https://gitlab.freedesktop.org/pipewire/pipewire-rs,https://crates.io/api/v1/crates/libspa-sys/0.9.2,
libsqlite3-sys,0.37.0,MIT,exact-version cached crate Cargo.toml,LICENSE,registry+https://github.com/rust-lang/crates.io-index,apps/client/src-tauri/Cargo.lock,https://github.com/rusqlite/rusqlite,https://crates.io/api/v1/crates/libsqlite3-sys/0.37.0,
libwayshot-xcap,0.3.2,BSD-2-Clause,exact-version crates.io metadata; crate contents not inspected,,registry+https://github.com/rust-lang/crates.io-index,apps/client/src-tauri/Cargo.lock,https://github.com/nashaofu/wayshot,https://crates.io/api/v1/crates/libwayshot-xcap/0.3.2,
libwebp-sys,0.9.6,MIT,exact-version cached crate Cargo.toml,,registry+https://github.com/rust-lang/crates.io-index,apps/client/src-tauri/Cargo.lock,https://github.com/NoXF/libwebp-sys,https://crates.io/api/v1/crates/libwebp-sys/0.9.6,
linux-raw-sys,0.12.1,Apache-2.0 WITH LLVM-exception OR Apache-2.0 OR MIT,exact-version crates.io metadata; crate contents not inspected,,registry+https://github.com/rust-lang/crates.io-index,apps/client/src-tauri/Cargo.lock,https://github.com/sunfishcode/linux-raw-sys,https://crates.io/api/v1/crates/linux-raw-sys/0.12.1,
linux-raw-sys,0.4.15,Apache-2.0 WITH LLVM-exception OR Apache-2.0 OR MIT,exact-version crates.io metadata; crate contents not inspected,,registry+https://github.com/rust-lang/crates.io-index,apps/client/src-tauri/Cargo.lock,https://github.com/sunfishcode/linux-raw-sys,https://crates.io/api/v1/crates/linux-raw-sys/0.4.15,
linux-raw-sys,0.9.4,Apache-2.0 WITH LLVM-exception OR Apache-2.0 OR MIT,exact-version crates.io metadata; crate contents not inspected,,registry+https://github.com/rust-lang/crates.io-index,apps/client/src-tauri/Cargo.lock,https://github.com/sunfishcode/linux-raw-sys,https://crates.io/api/v1/crates/linux-raw-sys/0.9.4,
litemap,0.8.2,Unicode-3.0,exact-version cached crate Cargo.toml,LICENSE,registry+https://github.com/rust-lang/crates.io-index,apps/client/src-tauri/Cargo.lock,https://github.com/unicode-org/icu4x,https://crates.io/api/v1/crates/litemap/0.8.2,
lock_api,0.4.14,MIT OR Apache-2.0,exact-version cached crate Cargo.toml,LICENSE-APACHE; LICENSE-MIT,registry+https://github.com/rust-lang/crates.io-index,apps/client/src-tauri/Cargo.lock,https://github.com/Amanieu/parking_lot,https://crates.io/api/v1/crates/lock_api/0.4.14,
log,0.4.29,MIT OR Apache-2.0,exact-version cached crate Cargo.toml,LICENSE-APACHE; LICENSE-MIT,registry+https://github.com/rust-lang/crates.io-index,apps/client/src-tauri/Cargo.lock,https://github.com/rust-lang/log,https://crates.io/api/v1/crates/log/0.4.29,
lru-slab,0.1.2,MIT OR Apache-2.0 OR Zlib,exact-version cached crate Cargo.toml,LICENSE-APACHE; LICENSE-MIT; LICENSE-ZLIB,registry+https://github.com/rust-lang/crates.io-index,apps/client/src-tauri/Cargo.lock,https://github.com/Ralith/lru-slab,https://crates.io/api/v1/crates/lru-slab/0.1.2,
lzma-rust2,0.15.8,Apache-2.0,exact-version cached crate Cargo.toml,LICENSE,registry+https://github.com/rust-lang/crates.io-index,apps/client/src-tauri/Cargo.lock,https://github.com/hasenbanck/lzma-rust2/,https://crates.io/api/v1/crates/lzma-rust2/0.15.8,
mac,0.1.1,MIT/Apache-2.0,exact-version cached crate Cargo.toml,,registry+https://github.com/rust-lang/crates.io-index,apps/client/src-tauri/Cargo.lock,https://github.com/reem/rust-mac.git,https://crates.io/api/v1/crates/mac/0.1.1,
machdoch,29.0.0,,workspace package; no licence declared in manifest,,workspace,apps/client/src-tauri/Cargo.lock,,,
machdoch-fleet-protocol,0.1.0,,workspace package; no licence declared in manifest,,workspace,apps/client/src-tauri/Cargo.lock; packages/fleet-protocol/Cargo.lock,,,
markup5ever,0.14.1,MIT OR Apache-2.0,exact-version cached crate Cargo.toml,LICENSE-APACHE; LICENSE-MIT,registry+https://github.com/rust-lang/crates.io-index,apps/client/src-tauri/Cargo.lock,https://github.com/servo/html5ever,https://crates.io/api/v1/crates/markup5ever/0.14.1,
markup5ever,0.38.0,MIT OR Apache-2.0,exact-version cached crate Cargo.toml,LICENSE-APACHE; LICENSE-MIT,registry+https://github.com/rust-lang/crates.io-index,apps/client/src-tauri/Cargo.lock,https://github.com/servo/html5ever,https://crates.io/api/v1/crates/markup5ever/0.38.0,
match_token,0.1.0,MIT OR Apache-2.0,exact-version cached crate Cargo.toml,,registry+https://github.com/rust-lang/crates.io-index,apps/client/src-tauri/Cargo.lock,https://github.com/servo/html5ever,https://crates.io/api/v1/crates/match_token/0.1.0,
matches,0.1.10,MIT,exact-version cached crate Cargo.toml,LICENSE,registry+https://github.com/rust-lang/crates.io-index,apps/client/src-tauri/Cargo.lock,https://github.com/SimonSapin/rust-std-candidates,https://crates.io/api/v1/crates/matches/0.1.10,
matrixmultiply,0.3.11,MIT/Apache-2.0,exact-version cached crate Cargo.toml,LICENSE-APACHE; LICENSE-MIT,registry+https://github.com/rust-lang/crates.io-index,apps/client/src-tauri/Cargo.lock,https://github.com/bluss/matrixmultiply/,https://crates.io/api/v1/crates/matrixmultiply/0.3.11,
mdns-sd,0.20.1,Apache-2.0 OR MIT,exact-version cached crate Cargo.toml,LICENSE-APACHE; LICENSE-MIT,registry+https://github.com/rust-lang/crates.io-index,apps/client/src-tauri/Cargo.lock,https://github.com/keepsimple1/mdns-sd,https://crates.io/api/v1/crates/mdns-sd/0.20.1,
memchr,2.8.0,Unlicense OR MIT,exact-version cached crate Cargo.toml,COPYING; LICENSE-MIT,registry+https://github.com/rust-lang/crates.io-index,apps/client/src-tauri/Cargo.lock,https://github.com/BurntSushi/memchr,https://crates.io/api/v1/crates/memchr/2.8.0,
memchr,2.8.3,Unlicense OR MIT,exact-version cached crate Cargo.toml,COPYING; LICENSE-MIT,registry+https://github.com/rust-lang/crates.io-index,packages/fleet-protocol/Cargo.lock,https://github.com/BurntSushi/memchr,https://crates.io/api/v1/crates/memchr/2.8.3,
memmap2,0.9.10,MIT OR Apache-2.0,exact-version crates.io metadata; crate contents not inspected,,registry+https://github.com/rust-lang/crates.io-index,apps/client/src-tauri/Cargo.lock,https://github.com/RazrFalcon/memmap2-rs,https://crates.io/api/v1/crates/memmap2/0.9.10,
memoffset,0.9.1,MIT,exact-version crates.io metadata; crate contents not inspected,,registry+https://github.com/rust-lang/crates.io-index,apps/client/src-tauri/Cargo.lock,https://github.com/Gilnaa/memoffset,https://crates.io/api/v1/crates/memoffset/0.9.1,
mime,0.3.17,MIT OR Apache-2.0,exact-version cached crate Cargo.toml,LICENSE-APACHE; LICENSE-MIT,registry+https://github.com/rust-lang/crates.io-index,apps/client/src-tauri/Cargo.lock,https://github.com/hyperium/mime,https://crates.io/api/v1/crates/mime/0.3.17,
mime_guess,2.0.5,MIT,exact-version cached crate Cargo.toml,LICENSE,registry+https://github.com/rust-lang/crates.io-index,apps/client/src-tauri/Cargo.lock,https://github.com/abonander/mime_guess,https://crates.io/api/v1/crates/mime_guess/2.0.5,
minimal-lexical,0.2.1,MIT/Apache-2.0,exact-version cached crate Cargo.toml,LICENSE-APACHE; LICENSE-MIT; LICENSE.md,registry+https://github.com/rust-lang/crates.io-index,apps/client/src-tauri/Cargo.lock,https://github.com/Alexhuszagh/minimal-lexical,https://crates.io/api/v1/crates/minimal-lexical/0.2.1,
miniz_oxide,0.8.9,MIT OR Zlib OR Apache-2.0,exact-version cached crate Cargo.toml,LICENSE; LICENSE-APACHE.md; LICENSE-MIT.md; LICENSE-ZLIB.md,registry+https://github.com/rust-lang/crates.io-index,apps/client/src-tauri/Cargo.lock,https://github.com/Frommi/miniz_oxide/tree/master/miniz_oxide,https://crates.io/api/v1/crates/miniz_oxide/0.8.9,
mio,1.2.0,MIT,exact-version cached crate Cargo.toml,LICENSE,registry+https://github.com/rust-lang/crates.io-index,apps/client/src-tauri/Cargo.lock,https://github.com/tokio-rs/mio,https://crates.io/api/v1/crates/mio/1.2.0,
moka,0.12.16,(MIT OR Apache-2.0) AND Apache-2.0,exact-version cached crate Cargo.toml,LICENSE-APACHE; LICENSE-MIT; NOTICE,registry+https://github.com/rust-lang/crates.io-index,apps/client/src-tauri/Cargo.lock,https://github.com/moka-rs/moka,https://crates.io/api/v1/crates/moka/0.12.16,
moxcms,0.8.1,BSD-3-Clause OR Apache-2.0,exact-version cached crate Cargo.toml,LICENSE-APACHE.md; LICENSE.md,registry+https://github.com/rust-lang/crates.io-index,apps/client/src-tauri/Cargo.lock,https://github.com/awxkee/moxcms.git,https://crates.io/api/v1/crates/moxcms/0.8.1,
muda,0.19.2,Apache-2.0 OR MIT,exact-version cached crate Cargo.toml,LICENSE-APACHE; LICENSE-MIT; LICENSE.spdx,registry+https://github.com/rust-lang/crates.io-index,apps/client/src-tauri/Cargo.lock,https://github.com/tauri-apps/muda,https://crates.io/api/v1/crates/muda/0.19.2,
native-tls,0.2.18,MIT OR Apache-2.0,exact-version cached crate Cargo.toml,LICENSE-APACHE; LICENSE-MIT,registry+https://github.com/rust-lang/crates.io-index,apps/client/src-tauri/Cargo.lock,https://github.com/rust-native-tls/rust-native-tls,https://crates.io/api/v1/crates/native-tls/0.2.18,
ndarray,0.17.2,MIT OR Apache-2.0,exact-version cached crate Cargo.toml,LICENSE-APACHE; LICENSE-MIT,registry+https://github.com/rust-lang/crates.io-index,apps/client/src-tauri/Cargo.lock,https://github.com/rust-ndarray/ndarray,https://crates.io/api/v1/crates/ndarray/0.17.2,
ndk,0.9.0,MIT OR Apache-2.0,exact-version cached crate Cargo.toml,,registry+https://github.com/rust-lang/crates.io-index,apps/client/src-tauri/Cargo.lock,https://github.com/rust-mobile/ndk,https://crates.io/api/v1/crates/ndk/0.9.0,
ndk-context,0.1.1,MIT OR Apache-2.0,exact-version crates.io metadata; crate contents not inspected,,registry+https://github.com/rust-lang/crates.io-index,apps/client/src-tauri/Cargo.lock,https://github.com/rust-windowing/android-ndk-rs,https://crates.io/api/v1/crates/ndk-context/0.1.1,
ndk-sys,0.6.0+11769913,MIT OR Apache-2.0,exact-version cached crate Cargo.toml,,registry+https://github.com/rust-lang/crates.io-index,apps/client/src-tauri/Cargo.lock,https://github.com/rust-mobile/ndk,https://crates.io/api/v1/crates/ndk-sys/0.6.0+11769913,
network-interface,2.0.5,MIT OR Apache-2.0,exact-version cached crate Cargo.toml,LICENSE-APACHE; LICENSE-MIT,registry+https://github.com/rust-lang/crates.io-index,apps/client/src-tauri/Cargo.lock,https://github.com/EstebanBorai/network-interface,https://crates.io/api/v1/crates/network-interface/2.0.5,
new_debug_unreachable,1.0.6,MIT,exact-version cached crate Cargo.toml,LICENSE-MIT,registry+https://github.com/rust-lang/crates.io-index,apps/client/src-tauri/Cargo.lock,https://github.com/mbrubeck/rust-debug-unreachable,https://crates.io/api/v1/crates/new_debug_unreachable/1.0.6,
nix,0.28.0,MIT,exact-version cached crate Cargo.toml,LICENSE,registry+https://github.com/rust-lang/crates.io-index,apps/client/src-tauri/Cargo.lock,https://github.com/nix-rust/nix,https://crates.io/api/v1/crates/nix/0.28.0,
nix,0.30.1,MIT,exact-version crates.io metadata; crate contents not inspected,,registry+https://github.com/rust-lang/crates.io-index,apps/client/src-tauri/Cargo.lock,https://github.com/nix-rust/nix,https://crates.io/api/v1/crates/nix/0.30.1,
nodrop,0.1.14,MIT/Apache-2.0,exact-version cached crate Cargo.toml,LICENSE-APACHE; LICENSE-MIT,registry+https://github.com/rust-lang/crates.io-index,apps/client/src-tauri/Cargo.lock,https://github.com/bluss/arrayvec,https://crates.io/api/v1/crates/nodrop/0.1.14,
nom,7.1.3,MIT,exact-version cached crate Cargo.toml,LICENSE,registry+https://github.com/rust-lang/crates.io-index,apps/client/src-tauri/Cargo.lock,https://github.com/Geal/nom,https://crates.io/api/v1/crates/nom/7.1.3,
nom,8.0.0,MIT,exact-version crates.io metadata; crate contents not inspected,,registry+https://github.com/rust-lang/crates.io-index,apps/client/src-tauri/Cargo.lock,https://github.com/rust-bakery/nom,https://crates.io/api/v1/crates/nom/8.0.0,
ntapi,0.4.3,Apache-2.0 OR MIT,exact-version cached crate Cargo.toml,LICENSE-APACHE; LICENSE-MIT,registry+https://github.com/rust-lang/crates.io-index,apps/client/src-tauri/Cargo.lock,https://github.com/MSxDOS/ntapi,https://crates.io/api/v1/crates/ntapi/0.4.3,
num-complex,0.4.6,MIT OR Apache-2.0,exact-version cached crate Cargo.toml,LICENSE-APACHE; LICENSE-MIT,registry+https://github.com/rust-lang/crates.io-index,apps/client/src-tauri/Cargo.lock,https://github.com/rust-num/num-complex,https://crates.io/api/v1/crates/num-complex/0.4.6,
num-conv,0.2.1,MIT OR Apache-2.0,exact-version cached crate Cargo.toml,LICENSE-Apache; LICENSE-MIT,registry+https://github.com/rust-lang/crates.io-index,apps/client/src-tauri/Cargo.lock,https://github.com/jhpratt/num-conv,https://crates.io/api/v1/crates/num-conv/0.2.1,
num-integer,0.1.46,MIT OR Apache-2.0,exact-version cached crate Cargo.toml,LICENSE-APACHE; LICENSE-MIT,registry+https://github.com/rust-lang/crates.io-index,apps/client/src-tauri/Cargo.lock,https://github.com/rust-num/num-integer,https://crates.io/api/v1/crates/num-integer/0.1.46,
num-traits,0.2.19,MIT OR Apache-2.0,exact-version cached crate Cargo.toml,LICENSE-APACHE; LICENSE-MIT,registry+https://github.com/rust-lang/crates.io-index,apps/client/src-tauri/Cargo.lock,https://github.com/rust-num/num-traits,https://crates.io/api/v1/crates/num-traits/0.2.19,
num_enum,0.7.6,BSD-3-Clause OR MIT OR Apache-2.0,exact-version cached crate Cargo.toml,LICENSE-APACHE; LICENSE-BSD; LICENSE-MIT,registry+https://github.com/rust-lang/crates.io-index,apps/client/src-tauri/Cargo.lock,https://github.com/illicitonion/num_enum,https://crates.io/api/v1/crates/num_enum/0.7.6,
num_enum_derive,0.7.6,BSD-3-Clause OR MIT OR Apache-2.0,exact-version cached crate Cargo.toml,LICENSE-APACHE; LICENSE-BSD; LICENSE-MIT,registry+https://github.com/rust-lang/crates.io-index,apps/client/src-tauri/Cargo.lock,https://github.com/illicitonion/num_enum,https://crates.io/api/v1/crates/num_enum_derive/0.7.6,
objc-sys,0.3.5,MIT,exact-version crates.io metadata; crate contents not inspected,,registry+https://github.com/rust-lang/crates.io-index,apps/client/src-tauri/Cargo.lock,https://github.com/madsmtm/objc2,https://crates.io/api/v1/crates/objc-sys/0.3.5,
objc2,0.5.2,MIT,exact-version crates.io metadata; crate contents not inspected,,registry+https://github.com/rust-lang/crates.io-index,apps/client/src-tauri/Cargo.lock,https://github.com/madsmtm/objc2,https://crates.io/api/v1/crates/objc2/0.5.2,
objc2,0.6.4,MIT,exact-version crates.io metadata; crate contents not inspected,,registry+https://github.com/rust-lang/crates.io-index,apps/client/src-tauri/Cargo.lock,https://github.com/madsmtm/objc2,https://crates.io/api/v1/crates/objc2/0.6.4,
objc2-app-kit,0.2.2,MIT,exact-version crates.io metadata; crate contents not inspected,,registry+https://github.com/rust-lang/crates.io-index,apps/client/src-tauri/Cargo.lock,https://github.com/madsmtm/objc2,https://crates.io/api/v1/crates/objc2-app-kit/0.2.2,
objc2-app-kit,0.3.2,Zlib OR Apache-2.0 OR MIT,exact-version crates.io metadata; crate contents not inspected,,registry+https://github.com/rust-lang/crates.io-index,apps/client/src-tauri/Cargo.lock,https://github.com/madsmtm/objc2,https://crates.io/api/v1/crates/objc2-app-kit/0.3.2,
objc2-av-foundation,0.3.2,Zlib OR Apache-2.0 OR MIT,exact-version crates.io metadata; crate contents not inspected,,registry+https://github.com/rust-lang/crates.io-index,apps/client/src-tauri/Cargo.lock,https://github.com/madsmtm/objc2,https://crates.io/api/v1/crates/objc2-av-foundation/0.3.2,
objc2-avf-audio,0.3.2,Zlib OR Apache-2.0 OR MIT,exact-version crates.io metadata; crate contents not inspected,,registry+https://github.com/rust-lang/crates.io-index,apps/client/src-tauri/Cargo.lock,https://github.com/madsmtm/objc2,https://crates.io/api/v1/crates/objc2-avf-audio/0.3.2,
objc2-cloud-kit,0.2.2,MIT,exact-version crates.io metadata; crate contents not inspected,,registry+https://github.com/rust-lang/crates.io-index,apps/client/src-tauri/Cargo.lock,https://github.com/madsmtm/objc2,https://crates.io/api/v1/crates/objc2-cloud-kit/0.2.2,
objc2-cloud-kit,0.3.2,Zlib OR Apache-2.0 OR MIT,exact-version crates.io metadata; crate contents not inspected,,registry+https://github.com/rust-lang/crates.io-index,apps/client/src-tauri/Cargo.lock,https://github.com/madsmtm/objc2,https://crates.io/api/v1/crates/objc2-cloud-kit/0.3.2,
objc2-contacts,0.2.2,MIT,exact-version crates.io metadata; crate contents not inspected,,registry+https://github.com/rust-lang/crates.io-index,apps/client/src-tauri/Cargo.lock,https://github.com/madsmtm/objc2,https://crates.io/api/v1/crates/objc2-contacts/0.2.2,
objc2-core-audio,0.3.2,Zlib OR Apache-2.0 OR MIT,exact-version crates.io metadata; crate contents not inspected,,registry+https://github.com/rust-lang/crates.io-index,apps/client/src-tauri/Cargo.lock,https://github.com/madsmtm/objc2,https://crates.io/api/v1/crates/objc2-core-audio/0.3.2,
objc2-core-audio-types,0.3.2,Zlib OR Apache-2.0 OR MIT,exact-version crates.io metadata; crate contents not inspected,,registry+https://github.com/rust-lang/crates.io-index,apps/client/src-tauri/Cargo.lock,https://github.com/madsmtm/objc2,https://crates.io/api/v1/crates/objc2-core-audio-types/0.3.2,
objc2-core-data,0.2.2,MIT,exact-version crates.io metadata; crate contents not inspected,,registry+https://github.com/rust-lang/crates.io-index,apps/client/src-tauri/Cargo.lock,https://github.com/madsmtm/objc2,https://crates.io/api/v1/crates/objc2-core-data/0.2.2,
objc2-core-data,0.3.2,Zlib OR Apache-2.0 OR MIT,exact-version crates.io metadata; crate contents not inspected,,registry+https://github.com/rust-lang/crates.io-index,apps/client/src-tauri/Cargo.lock,https://github.com/madsmtm/objc2,https://crates.io/api/v1/crates/objc2-core-data/0.3.2,
objc2-core-foundation,0.3.2,Zlib OR Apache-2.0 OR MIT,exact-version crates.io metadata; crate contents not inspected,,registry+https://github.com/rust-lang/crates.io-index,apps/client/src-tauri/Cargo.lock,https://github.com/madsmtm/objc2,https://crates.io/api/v1/crates/objc2-core-foundation/0.3.2,
objc2-core-graphics,0.3.2,Zlib OR Apache-2.0 OR MIT,exact-version crates.io metadata; crate contents not inspected,,registry+https://github.com/rust-lang/crates.io-index,apps/client/src-tauri/Cargo.lock,https://github.com/madsmtm/objc2,https://crates.io/api/v1/crates/objc2-core-graphics/0.3.2,
objc2-core-image,0.2.2,MIT,exact-version crates.io metadata; crate contents not inspected,,registry+https://github.com/rust-lang/crates.io-index,apps/client/src-tauri/Cargo.lock,https://github.com/madsmtm/objc2,https://crates.io/api/v1/crates/objc2-core-image/0.2.2,
objc2-core-image,0.3.2,Zlib OR Apache-2.0 OR MIT,exact-version crates.io metadata; crate contents not inspected,,registry+https://github.com/rust-lang/crates.io-index,apps/client/src-tauri/Cargo.lock,https://github.com/madsmtm/objc2,https://crates.io/api/v1/crates/objc2-core-image/0.3.2,
objc2-core-location,0.2.2,MIT,exact-version crates.io metadata; crate contents not inspected,,registry+https://github.com/rust-lang/crates.io-index,apps/client/src-tauri/Cargo.lock,https://github.com/madsmtm/objc2,https://crates.io/api/v1/crates/objc2-core-location/0.2.2,
objc2-core-location,0.3.2,Zlib OR Apache-2.0 OR MIT,exact-version crates.io metadata; crate contents not inspected,,registry+https://github.com/rust-lang/crates.io-index,apps/client/src-tauri/Cargo.lock,https://github.com/madsmtm/objc2,https://crates.io/api/v1/crates/objc2-core-location/0.3.2,
objc2-core-media,0.3.2,Zlib OR Apache-2.0 OR MIT,exact-version crates.io metadata; crate contents not inspected,,registry+https://github.com/rust-lang/crates.io-index,apps/client/src-tauri/Cargo.lock,https://github.com/madsmtm/objc2,https://crates.io/api/v1/crates/objc2-core-media/0.3.2,
objc2-core-text,0.3.2,Zlib OR Apache-2.0 OR MIT,exact-version crates.io metadata; crate contents not inspected,,registry+https://github.com/rust-lang/crates.io-index,apps/client/src-tauri/Cargo.lock,https://github.com/madsmtm/objc2,https://crates.io/api/v1/crates/objc2-core-text/0.3.2,
objc2-core-video,0.3.2,Zlib OR Apache-2.0 OR MIT,exact-version crates.io metadata; crate contents not inspected,,registry+https://github.com/rust-lang/crates.io-index,apps/client/src-tauri/Cargo.lock,https://github.com/madsmtm/objc2,https://crates.io/api/v1/crates/objc2-core-video/0.3.2,
objc2-encode,4.1.0,MIT,exact-version crates.io metadata; crate contents not inspected,,registry+https://github.com/rust-lang/crates.io-index,apps/client/src-tauri/Cargo.lock,https://github.com/madsmtm/objc2,https://crates.io/api/v1/crates/objc2-encode/4.1.0,
objc2-exception-helper,0.1.1,Zlib OR Apache-2.0 OR MIT,exact-version crates.io metadata; crate contents not inspected,,registry+https://github.com/rust-lang/crates.io-index,apps/client/src-tauri/Cargo.lock,https://github.com/madsmtm/objc2,https://crates.io/api/v1/crates/objc2-exception-helper/0.1.1,
objc2-foundation,0.2.2,MIT,exact-version crates.io metadata; crate contents not inspected,,registry+https://github.com/rust-lang/crates.io-index,apps/client/src-tauri/Cargo.lock,https://github.com/madsmtm/objc2,https://crates.io/api/v1/crates/objc2-foundation/0.2.2,
objc2-foundation,0.3.2,MIT,exact-version crates.io metadata; crate contents not inspected,,registry+https://github.com/rust-lang/crates.io-index,apps/client/src-tauri/Cargo.lock,https://github.com/madsmtm/objc2,https://crates.io/api/v1/crates/objc2-foundation/0.3.2,
objc2-image-io,0.3.2,Zlib OR Apache-2.0 OR MIT,exact-version crates.io metadata; crate contents not inspected,,registry+https://github.com/rust-lang/crates.io-index,apps/client/src-tauri/Cargo.lock,https://github.com/madsmtm/objc2,https://crates.io/api/v1/crates/objc2-image-io/0.3.2,
objc2-io-kit,0.3.2,Zlib OR Apache-2.0 OR MIT,exact-version crates.io metadata; crate contents not inspected,,registry+https://github.com/rust-lang/crates.io-index,apps/client/src-tauri/Cargo.lock,https://github.com/madsmtm/objc2,https://crates.io/api/v1/crates/objc2-io-kit/0.3.2,
objc2-io-surface,0.3.2,Zlib OR Apache-2.0 OR MIT,exact-version crates.io metadata; crate contents not inspected,,registry+https://github.com/rust-lang/crates.io-index,apps/client/src-tauri/Cargo.lock,https://github.com/madsmtm/objc2,https://crates.io/api/v1/crates/objc2-io-surface/0.3.2,
objc2-link-presentation,0.2.2,MIT,exact-version crates.io metadata; crate contents not inspected,,registry+https://github.com/rust-lang/crates.io-index,apps/client/src-tauri/Cargo.lock,https://github.com/madsmtm/objc2,https://crates.io/api/v1/crates/objc2-link-presentation/0.2.2,
objc2-media-toolbox,0.3.2,Zlib OR Apache-2.0 OR MIT,exact-version crates.io metadata; crate contents not inspected,,registry+https://github.com/rust-lang/crates.io-index,apps/client/src-tauri/Cargo.lock,https://github.com/madsmtm/objc2,https://crates.io/api/v1/crates/objc2-media-toolbox/0.3.2,
objc2-metal,0.2.2,MIT,exact-version crates.io metadata; crate contents not inspected,,registry+https://github.com/rust-lang/crates.io-index,apps/client/src-tauri/Cargo.lock,https://github.com/madsmtm/objc2,https://crates.io/api/v1/crates/objc2-metal/0.2.2,
objc2-metal,0.3.2,Zlib OR Apache-2.0 OR MIT,exact-version crates.io metadata; crate contents not inspected,,registry+https://github.com/rust-lang/crates.io-index,apps/client/src-tauri/Cargo.lock,https://github.com/madsmtm/objc2,https://crates.io/api/v1/crates/objc2-metal/0.3.2,
objc2-quartz-core,0.2.2,MIT,exact-version crates.io metadata; crate contents not inspected,,registry+https://github.com/rust-lang/crates.io-index,apps/client/src-tauri/Cargo.lock,https://github.com/madsmtm/objc2,https://crates.io/api/v1/crates/objc2-quartz-core/0.2.2,
objc2-quartz-core,0.3.2,Zlib OR Apache-2.0 OR MIT,exact-version crates.io metadata; crate contents not inspected,,registry+https://github.com/rust-lang/crates.io-index,apps/client/src-tauri/Cargo.lock,https://github.com/madsmtm/objc2,https://crates.io/api/v1/crates/objc2-quartz-core/0.3.2,
objc2-symbols,0.2.2,MIT,exact-version crates.io metadata; crate contents not inspected,,registry+https://github.com/rust-lang/crates.io-index,apps/client/src-tauri/Cargo.lock,https://github.com/madsmtm/objc2,https://crates.io/api/v1/crates/objc2-symbols/0.2.2,
objc2-ui-kit,0.2.2,MIT,exact-version crates.io metadata; crate contents not inspected,,registry+https://github.com/rust-lang/crates.io-index,apps/client/src-tauri/Cargo.lock,https://github.com/madsmtm/objc2,https://crates.io/api/v1/crates/objc2-ui-kit/0.2.2,
objc2-ui-kit,0.3.2,Zlib OR Apache-2.0 OR MIT,exact-version crates.io metadata; crate contents not inspected,,registry+https://github.com/rust-lang/crates.io-index,apps/client/src-tauri/Cargo.lock,https://github.com/madsmtm/objc2,https://crates.io/api/v1/crates/objc2-ui-kit/0.3.2,
objc2-uniform-type-identifiers,0.2.2,MIT,exact-version crates.io metadata; crate contents not inspected,,registry+https://github.com/rust-lang/crates.io-index,apps/client/src-tauri/Cargo.lock,https://github.com/madsmtm/objc2,https://crates.io/api/v1/crates/objc2-uniform-type-identifiers/0.2.2,
objc2-user-notifications,0.2.2,MIT,exact-version crates.io metadata; crate contents not inspected,,registry+https://github.com/rust-lang/crates.io-index,apps/client/src-tauri/Cargo.lock,https://github.com/madsmtm/objc2,https://crates.io/api/v1/crates/objc2-user-notifications/0.2.2,
objc2-user-notifications,0.3.2,Zlib OR Apache-2.0 OR MIT,exact-version crates.io metadata; crate contents not inspected,,registry+https://github.com/rust-lang/crates.io-index,apps/client/src-tauri/Cargo.lock,https://github.com/madsmtm/objc2,https://crates.io/api/v1/crates/objc2-user-notifications/0.3.2,
objc2-web-kit,0.2.2,MIT,exact-version crates.io metadata; crate contents not inspected,,registry+https://github.com/rust-lang/crates.io-index,apps/client/src-tauri/Cargo.lock,https://github.com/madsmtm/objc2,https://crates.io/api/v1/crates/objc2-web-kit/0.2.2,
objc2-web-kit,0.3.2,Zlib OR Apache-2.0 OR MIT,exact-version crates.io metadata; crate contents not inspected,,registry+https://github.com/rust-lang/crates.io-index,apps/client/src-tauri/Cargo.lock,https://github.com/madsmtm/objc2,https://crates.io/api/v1/crates/objc2-web-kit/0.3.2,
once_cell,1.21.4,MIT OR Apache-2.0,exact-version cached crate Cargo.toml,LICENSE-APACHE; LICENSE-MIT,registry+https://github.com/rust-lang/crates.io-index,apps/client/src-tauri/Cargo.lock,https://github.com/matklad/once_cell,https://crates.io/api/v1/crates/once_cell/1.21.4,
opaque-debug,0.3.1,MIT OR Apache-2.0,exact-version cached crate Cargo.toml,LICENSE-APACHE; LICENSE-MIT,registry+https://github.com/rust-lang/crates.io-index,apps/client/src-tauri/Cargo.lock,https://github.com/RustCrypto/utils,https://crates.io/api/v1/crates/opaque-debug/0.3.1,
open,5.3.3,MIT,exact-version cached crate Cargo.toml,LICENSE.md,registry+https://github.com/rust-lang/crates.io-index,apps/client/src-tauri/Cargo.lock,https://github.com/Byron/open-rs,https://crates.io/api/v1/crates/open/5.3.3,
openssl,0.10.81,Apache-2.0,exact-version crates.io metadata; crate contents not inspected,,registry+https://github.com/rust-lang/crates.io-index,apps/client/src-tauri/Cargo.lock,https://github.com/rust-openssl/rust-openssl,https://crates.io/api/v1/crates/openssl/0.10.81,
openssl-macros,0.1.1,MIT/Apache-2.0,exact-version crates.io metadata; crate contents not inspected,,registry+https://github.com/rust-lang/crates.io-index,apps/client/src-tauri/Cargo.lock,,https://crates.io/api/v1/crates/openssl-macros/0.1.1,
openssl-probe,0.2.1,MIT OR Apache-2.0,exact-version crates.io metadata; crate contents not inspected,,registry+https://github.com/rust-lang/crates.io-index,apps/client/src-tauri/Cargo.lock,https://github.com/rustls/openssl-probe,https://crates.io/api/v1/crates/openssl-probe/0.2.1,
openssl-sys,0.9.117,MIT,exact-version crates.io metadata; crate contents not inspected,,registry+https://github.com/rust-lang/crates.io-index,apps/client/src-tauri/Cargo.lock,https://github.com/rust-openssl/rust-openssl,https://crates.io/api/v1/crates/openssl-sys/0.9.117,
option-ext,0.2.0,MPL-2.0,exact-version cached crate Cargo.toml,LICENSE.txt,registry+https://github.com/rust-lang/crates.io-index,apps/client/src-tauri/Cargo.lock,https://github.com/soc/option-ext.git,https://crates.io/api/v1/crates/option-ext/0.2.0,
ordered-stream,0.2.0,MIT OR Apache-2.0,exact-version crates.io metadata; crate contents not inspected,,registry+https://github.com/rust-lang/crates.io-index,apps/client/src-tauri/Cargo.lock,https://github.com/danieldg/ordered-stream,https://crates.io/api/v1/crates/ordered-stream/0.2.0,
ort,2.0.0-rc.12,MIT OR Apache-2.0,exact-version cached crate Cargo.toml,LICENSE-APACHE; LICENSE-MIT,registry+https://github.com/rust-lang/crates.io-index,apps/client/src-tauri/Cargo.lock,https://github.com/pykeio/ort,https://crates.io/api/v1/crates/ort/2.0.0-rc.12,
ort-sys,2.0.0-rc.12,MIT OR Apache-2.0,exact-version cached crate Cargo.toml,LICENSE-APACHE; LICENSE-MIT,registry+https://github.com/rust-lang/crates.io-index,apps/client/src-tauri/Cargo.lock,https://github.com/pykeio/ort,https://crates.io/api/v1/crates/ort-sys/2.0.0-rc.12,
pango,0.18.3,MIT,exact-version crates.io metadata; crate contents not inspected,,registry+https://github.com/rust-lang/crates.io-index,apps/client/src-tauri/Cargo.lock,https://github.com/gtk-rs/gtk-rs-core,https://crates.io/api/v1/crates/pango/0.18.3,
pango-sys,0.18.0,MIT,exact-version crates.io metadata; crate contents not inspected,,registry+https://github.com/rust-lang/crates.io-index,apps/client/src-tauri/Cargo.lock,https://github.com/gtk-rs/gtk-rs-core,https://crates.io/api/v1/crates/pango-sys/0.18.0,
parking,2.2.1,Apache-2.0 OR MIT,exact-version crates.io metadata; crate contents not inspected,,registry+https://github.com/rust-lang/crates.io-index,apps/client/src-tauri/Cargo.lock,https://github.com/smol-rs/parking,https://crates.io/api/v1/crates/parking/2.2.1,
parking_lot,0.12.5,MIT OR Apache-2.0,exact-version cached crate Cargo.toml,LICENSE-APACHE; LICENSE-MIT,registry+https://github.com/rust-lang/crates.io-index,apps/client/src-tauri/Cargo.lock,https://github.com/Amanieu/parking_lot,https://crates.io/api/v1/crates/parking_lot/0.12.5,
parking_lot_core,0.9.12,MIT OR Apache-2.0,exact-version cached crate Cargo.toml,LICENSE-APACHE; LICENSE-MIT,registry+https://github.com/rust-lang/crates.io-index,apps/client/src-tauri/Cargo.lock,https://github.com/Amanieu/parking_lot,https://crates.io/api/v1/crates/parking_lot_core/0.9.12,
password-hash,0.5.0,MIT OR Apache-2.0,exact-version cached crate Cargo.toml,LICENSE-APACHE; LICENSE-MIT,registry+https://github.com/rust-lang/crates.io-index,apps/client/src-tauri/Cargo.lock,https://github.com/RustCrypto/traits/tree/master/password-hash,https://crates.io/api/v1/crates/password-hash/0.5.0,
pathdiff,0.2.3,MIT/Apache-2.0,exact-version crates.io metadata; crate contents not inspected,,registry+https://github.com/rust-lang/crates.io-index,apps/client/src-tauri/Cargo.lock,https://github.com/Manishearth/pathdiff,https://crates.io/api/v1/crates/pathdiff/0.2.3,
pem-rfc7468,1.0.0,Apache-2.0 OR MIT,exact-version cached crate Cargo.toml,LICENSE-APACHE; LICENSE-MIT,registry+https://github.com/rust-lang/crates.io-index,apps/client/src-tauri/Cargo.lock,https://github.com/RustCrypto/formats,https://crates.io/api/v1/crates/pem-rfc7468/1.0.0,
percent-encoding,2.3.2,MIT OR Apache-2.0,exact-version cached crate Cargo.toml,LICENSE-APACHE; LICENSE-MIT,registry+https://github.com/rust-lang/crates.io-index,apps/client/src-tauri/Cargo.lock,https://github.com/servo/rust-url/,https://crates.io/api/v1/crates/percent-encoding/2.3.2,
phf,0.10.1,MIT,exact-version cached crate Cargo.toml,,registry+https://github.com/rust-lang/crates.io-index,apps/client/src-tauri/Cargo.lock,https://github.com/sfackler/rust-phf,https://crates.io/api/v1/crates/phf/0.10.1,
phf,0.11.3,MIT,exact-version cached crate Cargo.toml,LICENSE,registry+https://github.com/rust-lang/crates.io-index,apps/client/src-tauri/Cargo.lock,https://github.com/rust-phf/rust-phf,https://crates.io/api/v1/crates/phf/0.11.3,
phf,0.13.1,MIT,exact-version cached crate Cargo.toml,LICENSE,registry+https://github.com/rust-lang/crates.io-index,apps/client/src-tauri/Cargo.lock,https://github.com/rust-phf/rust-phf,https://crates.io/api/v1/crates/phf/0.13.1,
phf,0.8.0,MIT,exact-version cached crate Cargo.toml,,registry+https://github.com/rust-lang/crates.io-index,apps/client/src-tauri/Cargo.lock,https://github.com/sfackler/rust-phf,https://crates.io/api/v1/crates/phf/0.8.0,
phf_codegen,0.11.3,MIT,exact-version cached crate Cargo.toml,LICENSE,registry+https://github.com/rust-lang/crates.io-index,apps/client/src-tauri/Cargo.lock,https://github.com/rust-phf/rust-phf,https://crates.io/api/v1/crates/phf_codegen/0.11.3,
phf_codegen,0.13.1,MIT,exact-version cached crate Cargo.toml,LICENSE,registry+https://github.com/rust-lang/crates.io-index,apps/client/src-tauri/Cargo.lock,https://github.com/rust-phf/rust-phf,https://crates.io/api/v1/crates/phf_codegen/0.13.1,
phf_codegen,0.8.0,MIT,exact-version cached crate Cargo.toml,,registry+https://github.com/rust-lang/crates.io-index,apps/client/src-tauri/Cargo.lock,https://github.com/sfackler/rust-phf,https://crates.io/api/v1/crates/phf_codegen/0.8.0,
phf_generator,0.10.0,MIT,exact-version cached crate Cargo.toml,,registry+https://github.com/rust-lang/crates.io-index,apps/client/src-tauri/Cargo.lock,https://github.com/sfackler/rust-phf,https://crates.io/api/v1/crates/phf_generator/0.10.0,
phf_generator,0.11.3,MIT,exact-version cached crate Cargo.toml,LICENSE,registry+https://github.com/rust-lang/crates.io-index,apps/client/src-tauri/Cargo.lock,https://github.com/rust-phf/rust-phf,https://crates.io/api/v1/crates/phf_generator/0.11.3,
phf_generator,0.13.1,MIT,exact-version cached crate Cargo.toml,LICENSE,registry+https://github.com/rust-lang/crates.io-index,apps/client/src-tauri/Cargo.lock,https://github.com/rust-phf/rust-phf,https://crates.io/api/v1/crates/phf_generator/0.13.1,
phf_generator,0.8.0,MIT,exact-version cached crate Cargo.toml,,registry+https://github.com/rust-lang/crates.io-index,apps/client/src-tauri/Cargo.lock,https://github.com/sfackler/rust-phf,https://crates.io/api/v1/crates/phf_generator/0.8.0,
phf_macros,0.10.0,MIT,exact-version cached crate Cargo.toml,,registry+https://github.com/rust-lang/crates.io-index,apps/client/src-tauri/Cargo.lock,https://github.com/sfackler/rust-phf,https://crates.io/api/v1/crates/phf_macros/0.10.0,
phf_macros,0.13.1,MIT,exact-version cached crate Cargo.toml,LICENSE,registry+https://github.com/rust-lang/crates.io-index,apps/client/src-tauri/Cargo.lock,https://github.com/rust-phf/rust-phf,https://crates.io/api/v1/crates/phf_macros/0.13.1,
phf_shared,0.10.0,MIT,exact-version cached crate Cargo.toml,,registry+https://github.com/rust-lang/crates.io-index,apps/client/src-tauri/Cargo.lock,https://github.com/sfackler/rust-phf,https://crates.io/api/v1/crates/phf_shared/0.10.0,
phf_shared,0.11.3,MIT,exact-version cached crate Cargo.toml,LICENSE,registry+https://github.com/rust-lang/crates.io-index,apps/client/src-tauri/Cargo.lock,https://github.com/rust-phf/rust-phf,https://crates.io/api/v1/crates/phf_shared/0.11.3,
phf_shared,0.13.1,MIT,exact-version cached crate Cargo.toml,LICENSE,registry+https://github.com/rust-lang/crates.io-index,apps/client/src-tauri/Cargo.lock,https://github.com/rust-phf/rust-phf,https://crates.io/api/v1/crates/phf_shared/0.13.1,
phf_shared,0.8.0,MIT,exact-version cached crate Cargo.toml,,registry+https://github.com/rust-lang/crates.io-index,apps/client/src-tauri/Cargo.lock,https://github.com/sfackler/rust-phf,https://crates.io/api/v1/crates/phf_shared/0.8.0,
pico-args,0.5.0,MIT,exact-version cached crate Cargo.toml,LICENSE,registry+https://github.com/rust-lang/crates.io-index,apps/client/src-tauri/Cargo.lock,https://github.com/RazrFalcon/pico-args,https://crates.io/api/v1/crates/pico-args/0.5.0,
pin-project-lite,0.2.17,Apache-2.0 OR MIT,exact-version cached crate Cargo.toml,LICENSE-APACHE; LICENSE-MIT,registry+https://github.com/rust-lang/crates.io-index,apps/client/src-tauri/Cargo.lock,https://github.com/taiki-e/pin-project-lite,https://crates.io/api/v1/crates/pin-project-lite/0.2.17,
piper,0.2.5,MIT OR Apache-2.0,exact-version crates.io metadata; crate contents not inspected,,registry+https://github.com/rust-lang/crates.io-index,apps/client/src-tauri/Cargo.lock,https://github.com/smol-rs/piper,https://crates.io/api/v1/crates/piper/0.2.5,
pipewire,0.9.2,MIT,exact-version crates.io metadata; crate contents not inspected,,registry+https://github.com/rust-lang/crates.io-index,apps/client/src-tauri/Cargo.lock,https://gitlab.freedesktop.org/pipewire/pipewire-rs,https://crates.io/api/v1/crates/pipewire/0.9.2,
pipewire-sys,0.9.2,MIT,exact-version crates.io metadata; crate contents not inspected,,registry+https://github.com/rust-lang/crates.io-index,apps/client/src-tauri/Cargo.lock,https://gitlab.freedesktop.org/pipewire/pipewire-rs,https://crates.io/api/v1/crates/pipewire-sys/0.9.2,
pkg-config,0.3.33,MIT OR Apache-2.0,exact-version cached crate Cargo.toml,LICENSE-APACHE; LICENSE-MIT,registry+https://github.com/rust-lang/crates.io-index,apps/client/src-tauri/Cargo.lock,https://github.com/rust-lang/pkg-config-rs,https://crates.io/api/v1/crates/pkg-config/0.3.33,
plist,1.8.0,MIT,exact-version cached crate Cargo.toml,LICENCE,registry+https://github.com/rust-lang/crates.io-index,apps/client/src-tauri/Cargo.lock,https://github.com/ebarnard/rust-plist/,https://crates.io/api/v1/crates/plist/1.8.0,
png,0.17.16,MIT OR Apache-2.0,exact-version cached crate Cargo.toml,LICENSE-APACHE; LICENSE-MIT,registry+https://github.com/rust-lang/crates.io-index,apps/client/src-tauri/Cargo.lock,https://github.com/image-rs/image-png,https://crates.io/api/v1/crates/png/0.17.16,
png,0.18.1,MIT OR Apache-2.0,exact-version cached crate Cargo.toml,LICENSE-APACHE; LICENSE-MIT,registry+https://github.com/rust-lang/crates.io-index,apps/client/src-tauri/Cargo.lock,https://github.com/image-rs/image-png,https://crates.io/api/v1/crates/png/0.18.1,
polling,3.11.0,Apache-2.0 OR MIT,exact-version crates.io metadata; crate contents not inspected,,registry+https://github.com/rust-lang/crates.io-index,apps/client/src-tauri/Cargo.lock,https://github.com/smol-rs/polling,https://crates.io/api/v1/crates/polling/3.11.0,
poly1305,0.8.0,Apache-2.0 OR MIT,exact-version cached crate Cargo.toml,LICENSE-APACHE; LICENSE-MIT,registry+https://github.com/rust-lang/crates.io-index,apps/client/src-tauri/Cargo.lock,https://github.com/RustCrypto/universal-hashes,https://crates.io/api/v1/crates/poly1305/0.8.0,
poly1305,0.9.1,Apache-2.0 OR MIT,exact-version cached crate Cargo.toml,LICENSE-APACHE; LICENSE-MIT,registry+https://github.com/rust-lang/crates.io-index,apps/client/src-tauri/Cargo.lock,https://github.com/RustCrypto/universal-hashes,https://crates.io/api/v1/crates/poly1305/0.9.1,
polycool,0.4.0,MIT OR Apache-2.0,exact-version cached crate Cargo.toml,LICENSE-APACHE; LICENSE-MIT,registry+https://github.com/rust-lang/crates.io-index,apps/client/src-tauri/Cargo.lock,https://github.com/linebender/kurbo,https://crates.io/api/v1/crates/polycool/0.4.0,
portable-atomic,1.13.1,Apache-2.0 OR MIT,exact-version cached crate Cargo.toml,LICENSE-APACHE; LICENSE-MIT,registry+https://github.com/rust-lang/crates.io-index,apps/client/src-tauri/Cargo.lock,https://github.com/taiki-e/portable-atomic,https://crates.io/api/v1/crates/portable-atomic/1.13.1,
portable-atomic-util,0.2.7,Apache-2.0 OR MIT,exact-version crates.io metadata; crate contents not inspected,,registry+https://github.com/rust-lang/crates.io-index,apps/client/src-tauri/Cargo.lock,https://github.com/taiki-e/portable-atomic-util,https://crates.io/api/v1/crates/portable-atomic-util/0.2.7,
portable-pty,0.9.0,MIT,exact-version cached crate Cargo.toml,LICENSE.md,registry+https://github.com/rust-lang/crates.io-index,apps/client/src-tauri/Cargo.lock,https://github.com/wezterm/wezterm,https://crates.io/api/v1/crates/portable-pty/0.9.0,
potential_utf,0.1.5,Unicode-3.0,exact-version cached crate Cargo.toml,LICENSE,registry+https://github.com/rust-lang/crates.io-index,apps/client/src-tauri/Cargo.lock,https://github.com/unicode-org/icu4x,https://crates.io/api/v1/crates/potential_utf/0.1.5,
powerfmt,0.2.0,MIT OR Apache-2.0,exact-version cached crate Cargo.toml,LICENSE-Apache; LICENSE-MIT,registry+https://github.com/rust-lang/crates.io-index,apps/client/src-tauri/Cargo.lock,https://github.com/jhpratt/powerfmt,https://crates.io/api/v1/crates/powerfmt/0.2.0,
ppv-lite86,0.2.21,MIT OR Apache-2.0,exact-version cached crate Cargo.toml,LICENSE-APACHE; LICENSE-MIT,registry+https://github.com/rust-lang/crates.io-index,apps/client/src-tauri/Cargo.lock,https://github.com/cryptocorrosion/cryptocorrosion,https://crates.io/api/v1/crates/ppv-lite86/0.2.21,
precomputed-hash,0.1.1,MIT,exact-version cached crate Cargo.toml,LICENSE,registry+https://github.com/rust-lang/crates.io-index,apps/client/src-tauri/Cargo.lock,https://github.com/emilio/precomputed-hash,https://crates.io/api/v1/crates/precomputed-hash/0.1.1,
prefix-trie,0.8.4,MIT OR Apache-2.0,exact-version cached crate Cargo.toml,LICENSE-APACHE; LICENSE-MIT,registry+https://github.com/rust-lang/crates.io-index,apps/client/src-tauri/Cargo.lock,https://github.com/tiborschneider/prefix-trie,https://crates.io/api/v1/crates/prefix-trie/0.8.4,
prettyplease,0.2.37,MIT OR Apache-2.0,exact-version cached crate Cargo.toml,LICENSE-APACHE; LICENSE-MIT,registry+https://github.com/rust-lang/crates.io-index,apps/client/src-tauri/Cargo.lock,https://github.com/dtolnay/prettyplease,https://crates.io/api/v1/crates/prettyplease/0.2.37,
proc-macro-crate,1.3.1,MIT OR Apache-2.0,exact-version crates.io metadata; crate contents not inspected,,registry+https://github.com/rust-lang/crates.io-index,apps/client/src-tauri/Cargo.lock,https://github.com/bkchr/proc-macro-crate,https://crates.io/api/v1/crates/proc-macro-crate/1.3.1,
proc-macro-crate,2.0.2,MIT OR Apache-2.0,exact-version crates.io metadata; crate contents not inspected,,registry+https://github.com/rust-lang/crates.io-index,apps/client/src-tauri/Cargo.lock,https://github.com/bkchr/proc-macro-crate,https://crates.io/api/v1/crates/proc-macro-crate/2.0.2,
proc-macro-crate,3.5.0,MIT OR Apache-2.0,exact-version cached crate Cargo.toml,LICENSE-APACHE; LICENSE-MIT,registry+https://github.com/rust-lang/crates.io-index,apps/client/src-tauri/Cargo.lock,https://github.com/bkchr/proc-macro-crate,https://crates.io/api/v1/crates/proc-macro-crate/3.5.0,
proc-macro-error,1.0.4,MIT OR Apache-2.0,exact-version crates.io metadata; crate contents not inspected,,registry+https://github.com/rust-lang/crates.io-index,apps/client/src-tauri/Cargo.lock,https://gitlab.com/CreepySkeleton/proc-macro-error,https://crates.io/api/v1/crates/proc-macro-error/1.0.4,
proc-macro-error-attr,1.0.4,MIT OR Apache-2.0,exact-version crates.io metadata; crate contents not inspected,,registry+https://github.com/rust-lang/crates.io-index,apps/client/src-tauri/Cargo.lock,https://gitlab.com/CreepySkeleton/proc-macro-error,https://crates.io/api/v1/crates/proc-macro-error-attr/1.0.4,
proc-macro-hack,0.5.20+deprecated,MIT OR Apache-2.0,exact-version cached crate Cargo.toml,LICENSE-APACHE; LICENSE-MIT,registry+https://github.com/rust-lang/crates.io-index,apps/client/src-tauri/Cargo.lock,https://github.com/dtolnay/proc-macro-hack,https://crates.io/api/v1/crates/proc-macro-hack/0.5.20+deprecated,
proc-macro2,1.0.106,MIT OR Apache-2.0,exact-version cached crate Cargo.toml,LICENSE-APACHE; LICENSE-MIT,registry+https://github.com/rust-lang/crates.io-index,apps/client/src-tauri/Cargo.lock,https://github.com/dtolnay/proc-macro2,https://crates.io/api/v1/crates/proc-macro2/1.0.106,
proc-macro2,1.0.107,MIT OR Apache-2.0,exact-version cached crate Cargo.toml,LICENSE-APACHE; LICENSE-MIT,registry+https://github.com/rust-lang/crates.io-index,packages/fleet-protocol/Cargo.lock,https://github.com/dtolnay/proc-macro2,https://crates.io/api/v1/crates/proc-macro2/1.0.107,
pxfm,0.1.29,BSD-3-Clause OR Apache-2.0,exact-version cached crate Cargo.toml,LICENSE-APACHE.md; LICENSE.md,registry+https://github.com/rust-lang/crates.io-index,apps/client/src-tauri/Cargo.lock,https://github.com/awxkee/pxfm,https://crates.io/api/v1/crates/pxfm/0.1.29,
qrcode,0.14.1,MIT OR Apache-2.0,exact-version cached crate Cargo.toml,LICENSE-APACHE.txt; LICENSE-MIT.txt,registry+https://github.com/rust-lang/crates.io-index,apps/client/src-tauri/Cargo.lock,https://github.com/kennytm/qrcode-rust,https://crates.io/api/v1/crates/qrcode/0.14.1,
quick-error,2.0.1,MIT/Apache-2.0,exact-version cached crate Cargo.toml,LICENSE-APACHE; LICENSE-MIT,registry+https://github.com/rust-lang/crates.io-index,apps/client/src-tauri/Cargo.lock,http://github.com/tailhook/quick-error,https://crates.io/api/v1/crates/quick-error/2.0.1,
quick-xml,0.30.0,MIT,exact-version crates.io metadata; crate contents not inspected,,registry+https://github.com/rust-lang/crates.io-index,apps/client/src-tauri/Cargo.lock,https://github.com/tafia/quick-xml,https://crates.io/api/v1/crates/quick-xml/0.30.0,
quick-xml,0.38.4,MIT,exact-version cached crate Cargo.toml,LICENSE-MIT.md,registry+https://github.com/rust-lang/crates.io-index,apps/client/src-tauri/Cargo.lock,https://github.com/tafia/quick-xml,https://crates.io/api/v1/crates/quick-xml/0.38.4,
quick-xml,0.39.2,MIT,exact-version crates.io metadata; crate contents not inspected,,registry+https://github.com/rust-lang/crates.io-index,apps/client/src-tauri/Cargo.lock,https://github.com/tafia/quick-xml,https://crates.io/api/v1/crates/quick-xml/0.39.2,
quinn,0.11.9,MIT OR Apache-2.0,exact-version cached crate Cargo.toml,LICENSE-APACHE; LICENSE-MIT,registry+https://github.com/rust-lang/crates.io-index,apps/client/src-tauri/Cargo.lock,https://github.com/quinn-rs/quinn,https://crates.io/api/v1/crates/quinn/0.11.9,
quinn-proto,0.11.14,MIT OR Apache-2.0,exact-version cached crate Cargo.toml,LICENSE-APACHE; LICENSE-MIT,registry+https://github.com/rust-lang/crates.io-index,apps/client/src-tauri/Cargo.lock,https://github.com/quinn-rs/quinn,https://crates.io/api/v1/crates/quinn-proto/0.11.14,
quinn-udp,0.5.14,MIT OR Apache-2.0,exact-version cached crate Cargo.toml,LICENSE-APACHE; LICENSE-MIT,registry+https://github.com/rust-lang/crates.io-index,apps/client/src-tauri/Cargo.lock,https://github.com/quinn-rs/quinn,https://crates.io/api/v1/crates/quinn-udp/0.5.14,
quote,1.0.45,MIT OR Apache-2.0,exact-version cached crate Cargo.toml,LICENSE-APACHE; LICENSE-MIT,registry+https://github.com/rust-lang/crates.io-index,apps/client/src-tauri/Cargo.lock,https://github.com/dtolnay/quote,https://crates.io/api/v1/crates/quote/1.0.45,
quote,1.0.47,MIT OR Apache-2.0,exact-version cached crate Cargo.toml,LICENSE-APACHE; LICENSE-MIT,registry+https://github.com/rust-lang/crates.io-index,packages/fleet-protocol/Cargo.lock,https://github.com/dtolnay/quote,https://crates.io/api/v1/crates/quote/1.0.47,
r-efi,5.3.0,MIT OR Apache-2.0 OR LGPL-2.1-or-later,exact-version crates.io metadata; crate contents not inspected,,registry+https://github.com/rust-lang/crates.io-index,apps/client/src-tauri/Cargo.lock,https://github.com/r-efi/r-efi,https://crates.io/api/v1/crates/r-efi/5.3.0,
r-efi,6.0.0,MIT OR Apache-2.0 OR LGPL-2.1-or-later,exact-version crates.io metadata; crate contents not inspected,,registry+https://github.com/rust-lang/crates.io-index,apps/client/src-tauri/Cargo.lock,https://github.com/r-efi/r-efi,https://crates.io/api/v1/crates/r-efi/6.0.0,
rand,0.10.3,MIT OR Apache-2.0,exact-version cached crate Cargo.toml,COPYRIGHT; LICENSE-APACHE; LICENSE-MIT,registry+https://github.com/rust-lang/crates.io-index,apps/client/src-tauri/Cargo.lock,https://github.com/rust-random/rand,https://crates.io/api/v1/crates/rand/0.10.3,
rand,0.7.3,MIT OR Apache-2.0,exact-version cached crate Cargo.toml,COPYRIGHT; LICENSE-APACHE; LICENSE-MIT,registry+https://github.com/rust-lang/crates.io-index,apps/client/src-tauri/Cargo.lock,https://github.com/rust-random/rand,https://crates.io/api/v1/crates/rand/0.7.3,
rand,0.8.5,MIT OR Apache-2.0,exact-version cached crate Cargo.toml,COPYRIGHT; LICENSE-APACHE; LICENSE-MIT,registry+https://github.com/rust-lang/crates.io-index,apps/client/src-tauri/Cargo.lock,https://github.com/rust-random/rand,https://crates.io/api/v1/crates/rand/0.8.5,
rand,0.9.4,MIT OR Apache-2.0,exact-version cached crate Cargo.toml,COPYRIGHT; LICENSE-APACHE; LICENSE-MIT,registry+https://github.com/rust-lang/crates.io-index,apps/client/src-tauri/Cargo.lock,https://github.com/rust-random/rand,https://crates.io/api/v1/crates/rand/0.9.4,
rand_chacha,0.2.2,MIT OR Apache-2.0,exact-version cached crate Cargo.toml,COPYRIGHT; LICENSE-APACHE; LICENSE-MIT,registry+https://github.com/rust-lang/crates.io-index,apps/client/src-tauri/Cargo.lock,https://github.com/rust-random/rand,https://crates.io/api/v1/crates/rand_chacha/0.2.2,
rand_chacha,0.3.1,MIT OR Apache-2.0,exact-version cached crate Cargo.toml,COPYRIGHT; LICENSE-APACHE; LICENSE-MIT,registry+https://github.com/rust-lang/crates.io-index,apps/client/src-tauri/Cargo.lock,https://github.com/rust-random/rand,https://crates.io/api/v1/crates/rand_chacha/0.3.1,
rand_chacha,0.9.0,MIT OR Apache-2.0,exact-version cached crate Cargo.toml,COPYRIGHT; LICENSE-APACHE; LICENSE-MIT,registry+https://github.com/rust-lang/crates.io-index,apps/client/src-tauri/Cargo.lock,https://github.com/rust-random/rand,https://crates.io/api/v1/crates/rand_chacha/0.9.0,
rand_core,0.10.1,MIT OR Apache-2.0,exact-version cached crate Cargo.toml,COPYRIGHT; LICENSE-APACHE; LICENSE-MIT,registry+https://github.com/rust-lang/crates.io-index,apps/client/src-tauri/Cargo.lock,https://github.com/rust-random/rand_core,https://crates.io/api/v1/crates/rand_core/0.10.1,
rand_core,0.5.1,MIT OR Apache-2.0,exact-version cached crate Cargo.toml,COPYRIGHT; LICENSE-APACHE; LICENSE-MIT,registry+https://github.com/rust-lang/crates.io-index,apps/client/src-tauri/Cargo.lock,https://github.com/rust-random/rand,https://crates.io/api/v1/crates/rand_core/0.5.1,
rand_core,0.6.4,MIT OR Apache-2.0,exact-version cached crate Cargo.toml,COPYRIGHT; LICENSE-APACHE; LICENSE-MIT,registry+https://github.com/rust-lang/crates.io-index,apps/client/src-tauri/Cargo.lock,https://github.com/rust-random/rand,https://crates.io/api/v1/crates/rand_core/0.6.4,
rand_core,0.9.5,MIT OR Apache-2.0,exact-version cached crate Cargo.toml,COPYRIGHT; LICENSE-APACHE; LICENSE-MIT,registry+https://github.com/rust-lang/crates.io-index,apps/client/src-tauri/Cargo.lock,https://github.com/rust-random/rand,https://crates.io/api/v1/crates/rand_core/0.9.5,
rand_hc,0.2.0,MIT/Apache-2.0,exact-version crates.io metadata; crate contents not inspected,,registry+https://github.com/rust-lang/crates.io-index,apps/client/src-tauri/Cargo.lock,https://github.com/rust-random/rand,https://crates.io/api/v1/crates/rand_hc/0.2.0,
rand_pcg,0.2.1,MIT OR Apache-2.0,exact-version cached crate Cargo.toml,COPYRIGHT; LICENSE-APACHE; LICENSE-MIT,registry+https://github.com/rust-lang/crates.io-index,apps/client/src-tauri/Cargo.lock,https://github.com/rust-random/rand,https://crates.io/api/v1/crates/rand_pcg/0.2.1,
raw-window-handle,0.6.2,MIT OR Apache-2.0 OR Zlib,exact-version cached crate Cargo.toml,LICENSE-APACHE.md; LICENSE-MIT.md; LICENSE-ZLIB.md,registry+https://github.com/rust-lang/crates.io-index,apps/client/src-tauri/Cargo.lock,https://github.com/rust-windowing/raw-window-handle,https://crates.io/api/v1/crates/raw-window-handle/0.6.2,
rawpointer,0.2.1,MIT/Apache-2.0,exact-version cached crate Cargo.toml,LICENSE-APACHE; LICENSE-MIT,registry+https://github.com/rust-lang/crates.io-index,apps/client/src-tauri/Cargo.lock,https://github.com/bluss/rawpointer/,https://crates.io/api/v1/crates/rawpointer/0.2.1,
redox_syscall,0.5.18,MIT,exact-version crates.io metadata; crate contents not inspected,,registry+https://github.com/rust-lang/crates.io-index,apps/client/src-tauri/Cargo.lock,https://gitlab.redox-os.org/redox-os/syscall,https://crates.io/api/v1/crates/redox_syscall/0.5.18,
redox_users,0.4.6,MIT,exact-version crates.io metadata; crate contents not inspected,,registry+https://github.com/rust-lang/crates.io-index,apps/client/src-tauri/Cargo.lock,https://gitlab.redox-os.org/redox-os/users,https://crates.io/api/v1/crates/redox_users/0.4.6,
redox_users,0.5.2,MIT,exact-version crates.io metadata; crate contents not inspected,,registry+https://github.com/rust-lang/crates.io-index,apps/client/src-tauri/Cargo.lock,https://gitlab.redox-os.org/redox-os/users,https://crates.io/api/v1/crates/redox_users/0.5.2,
ref-cast,1.0.25,MIT OR Apache-2.0,exact-version cached crate Cargo.toml,LICENSE-APACHE; LICENSE-MIT,registry+https://github.com/rust-lang/crates.io-index,apps/client/src-tauri/Cargo.lock,https://github.com/dtolnay/ref-cast,https://crates.io/api/v1/crates/ref-cast/1.0.25,
ref-cast-impl,1.0.25,MIT OR Apache-2.0,exact-version cached crate Cargo.toml,LICENSE-APACHE; LICENSE-MIT,registry+https://github.com/rust-lang/crates.io-index,apps/client/src-tauri/Cargo.lock,https://github.com/dtolnay/ref-cast,https://crates.io/api/v1/crates/ref-cast-impl/1.0.25,
regex,1.12.3,MIT OR Apache-2.0,exact-version cached crate Cargo.toml,LICENSE-APACHE; LICENSE-MIT,registry+https://github.com/rust-lang/crates.io-index,apps/client/src-tauri/Cargo.lock,https://github.com/rust-lang/regex,https://crates.io/api/v1/crates/regex/1.12.3,
regex-automata,0.4.14,MIT OR Apache-2.0,exact-version cached crate Cargo.toml,LICENSE-APACHE; LICENSE-MIT,registry+https://github.com/rust-lang/crates.io-index,apps/client/src-tauri/Cargo.lock,https://github.com/rust-lang/regex,https://crates.io/api/v1/crates/regex-automata/0.4.14,
regex-syntax,0.8.10,MIT OR Apache-2.0,exact-version cached crate Cargo.toml,LICENSE-APACHE; LICENSE-MIT,registry+https://github.com/rust-lang/crates.io-index,apps/client/src-tauri/Cargo.lock,https://github.com/rust-lang/regex,https://crates.io/api/v1/crates/regex-syntax/0.8.10,
reqwest,0.12.28,MIT OR Apache-2.0,exact-version cached crate Cargo.toml,LICENSE-APACHE; LICENSE-MIT,registry+https://github.com/rust-lang/crates.io-index,apps/client/src-tauri/Cargo.lock,https://github.com/seanmonstar/reqwest,https://crates.io/api/v1/crates/reqwest/0.12.28,
reqwest,0.13.2,MIT OR Apache-2.0,exact-version crates.io metadata; crate contents not inspected,,registry+https://github.com/rust-lang/crates.io-index,apps/client/src-tauri/Cargo.lock,https://github.com/seanmonstar/reqwest,https://crates.io/api/v1/crates/reqwest/0.13.2,
resolv-conf,0.7.6,MIT OR Apache-2.0,exact-version cached crate Cargo.toml,LICENSE-APACHE; LICENSE-MIT,registry+https://github.com/rust-lang/crates.io-index,apps/client/src-tauri/Cargo.lock,https://github.com/hickory-dns/resolv-conf,https://crates.io/api/v1/crates/resolv-conf/0.7.6,
resvg,0.47.0,Apache-2.0 OR MIT,exact-version cached crate Cargo.toml,LICENSE-APACHE; LICENSE-MIT,registry+https://github.com/rust-lang/crates.io-index,apps/client/src-tauri/Cargo.lock,https://github.com/linebender/resvg,https://crates.io/api/v1/crates/resvg/0.47.0,
rfd,0.16.0,MIT,exact-version cached crate Cargo.toml,LICENSE,registry+https://github.com/rust-lang/crates.io-index,apps/client/src-tauri/Cargo.lock,https://github.com/PolyMeilex/rfd,https://crates.io/api/v1/crates/rfd/0.16.0,
rgb,0.8.53,MIT,exact-version cached crate Cargo.toml,LICENSE,registry+https://github.com/rust-lang/crates.io-index,apps/client/src-tauri/Cargo.lock,https://github.com/kornelski/rust-rgb,https://crates.io/api/v1/crates/rgb/0.8.53,
ring,0.17.14,Apache-2.0 AND ISC,exact-version cached crate Cargo.toml,LICENSE; LICENSE-BoringSSL; LICENSE-other-bits,registry+https://github.com/rust-lang/crates.io-index,apps/client/src-tauri/Cargo.lock,https://github.com/briansmith/ring,https://crates.io/api/v1/crates/ring/0.17.14,
roxmltree,0.20.0,MIT OR Apache-2.0,exact-version crates.io metadata; crate contents not inspected,,registry+https://github.com/rust-lang/crates.io-index,apps/client/src-tauri/Cargo.lock,https://github.com/RazrFalcon/roxmltree,https://crates.io/api/v1/crates/roxmltree/0.20.0,
roxmltree,0.21.1,MIT OR Apache-2.0,exact-version cached crate Cargo.toml,LICENSE-APACHE; LICENSE-MIT,registry+https://github.com/rust-lang/crates.io-index,apps/client/src-tauri/Cargo.lock,https://github.com/RazrFalcon/roxmltree,https://crates.io/api/v1/crates/roxmltree/0.21.1,
rsqlite-vfs,0.1.1,MIT,exact-version crates.io metadata; crate contents not inspected,,registry+https://github.com/rust-lang/crates.io-index,apps/client/src-tauri/Cargo.lock,,https://crates.io/api/v1/crates/rsqlite-vfs/0.1.1,
rusqlite,0.39.0,MIT,exact-version cached crate Cargo.toml,LICENSE,registry+https://github.com/rust-lang/crates.io-index,apps/client/src-tauri/Cargo.lock,https://github.com/rusqlite/rusqlite,https://crates.io/api/v1/crates/rusqlite/0.39.0,
rustc-hash,2.1.2,Apache-2.0 OR MIT,exact-version cached crate Cargo.toml,LICENSE-APACHE; LICENSE-MIT,registry+https://github.com/rust-lang/crates.io-index,apps/client/src-tauri/Cargo.lock,https://github.com/rust-lang/rustc-hash,https://crates.io/api/v1/crates/rustc-hash/2.1.2,
rustc_version,0.4.1,MIT OR Apache-2.0,exact-version cached crate Cargo.toml,LICENSE-APACHE; LICENSE-MIT,registry+https://github.com/rust-lang/crates.io-index,apps/client/src-tauri/Cargo.lock,https://github.com/djc/rustc-version-rs,https://crates.io/api/v1/crates/rustc_version/0.4.1,
rustix,0.38.44,Apache-2.0 WITH LLVM-exception OR Apache-2.0 OR MIT,exact-version crates.io metadata; crate contents not inspected,,registry+https://github.com/rust-lang/crates.io-index,apps/client/src-tauri/Cargo.lock,https://github.com/bytecodealliance/rustix,https://crates.io/api/v1/crates/rustix/0.38.44,
rustix,1.1.4,Apache-2.0 WITH LLVM-exception OR Apache-2.0 OR MIT,exact-version crates.io metadata; crate contents not inspected,,registry+https://github.com/rust-lang/crates.io-index,apps/client/src-tauri/Cargo.lock,https://github.com/bytecodealliance/rustix,https://crates.io/api/v1/crates/rustix/1.1.4,
rustls,0.23.38,Apache-2.0 OR ISC OR MIT,exact-version cached crate Cargo.toml,LICENSE-APACHE; LICENSE-ISC; LICENSE-MIT,registry+https://github.com/rust-lang/crates.io-index,apps/client/src-tauri/Cargo.lock,https://github.com/rustls/rustls,https://crates.io/api/v1/crates/rustls/0.23.38,
rustls-pki-types,1.14.0,MIT OR Apache-2.0,exact-version cached crate Cargo.toml,LICENSE-APACHE; LICENSE-MIT,registry+https://github.com/rust-lang/crates.io-index,apps/client/src-tauri/Cargo.lock,https://github.com/rustls/pki-types,https://crates.io/api/v1/crates/rustls-pki-types/1.14.0,
rustls-webpki,0.103.12,ISC,exact-version cached crate Cargo.toml,LICENSE,registry+https://github.com/rust-lang/crates.io-index,apps/client/src-tauri/Cargo.lock,https://github.com/rustls/webpki,https://crates.io/api/v1/crates/rustls-webpki/0.103.12,
rustversion,1.0.22,MIT OR Apache-2.0,exact-version cached crate Cargo.toml,LICENSE-APACHE; LICENSE-MIT,registry+https://github.com/rust-lang/crates.io-index,apps/client/src-tauri/Cargo.lock,https://github.com/dtolnay/rustversion,https://crates.io/api/v1/crates/rustversion/1.0.22,
rustybuzz,0.20.1,MIT,exact-version cached crate Cargo.toml,LICENSE,registry+https://github.com/rust-lang/crates.io-index,apps/client/src-tauri/Cargo.lock,https://github.com/harfbuzz/rustybuzz,https://crates.io/api/v1/crates/rustybuzz/0.20.1,
ryu,1.0.23,Apache-2.0 OR BSL-1.0,exact-version cached crate Cargo.toml,LICENSE-APACHE; LICENSE-BOOST,registry+https://github.com/rust-lang/crates.io-index,apps/client/src-tauri/Cargo.lock,https://github.com/dtolnay/ryu,https://crates.io/api/v1/crates/ryu/1.0.23,
ryu-js,1.0.3,Apache-2.0 OR BSL-1.0,exact-version cached crate Cargo.toml,LICENSE-APACHE; LICENSE-BOOST,registry+https://github.com/rust-lang/crates.io-index,apps/client/src-tauri/Cargo.lock,https://github.com/boa-dev/ryu-js,https://crates.io/api/v1/crates/ryu-js/1.0.3,
same-file,1.0.6,Unlicense/MIT,exact-version cached crate Cargo.toml,COPYING; LICENSE-MIT,registry+https://github.com/rust-lang/crates.io-index,apps/client/src-tauri/Cargo.lock,https://github.com/BurntSushi/same-file,https://crates.io/api/v1/crates/same-file/1.0.6,
schannel,0.1.29,MIT,exact-version cached crate Cargo.toml,LICENSE.md,registry+https://github.com/rust-lang/crates.io-index,apps/client/src-tauri/Cargo.lock,https://github.com/steffengy/schannel-rs,https://crates.io/api/v1/crates/schannel/0.1.29,
schemars,0.8.22,MIT,exact-version cached crate Cargo.toml,LICENSE,registry+https://github.com/rust-lang/crates.io-index,apps/client/src-tauri/Cargo.lock,https://github.com/GREsau/schemars,https://crates.io/api/v1/crates/schemars/0.8.22,
schemars,0.9.0,MIT,exact-version cached crate Cargo.toml,LICENSE,registry+https://github.com/rust-lang/crates.io-index,apps/client/src-tauri/Cargo.lock,https://github.com/GREsau/schemars,https://crates.io/api/v1/crates/schemars/0.9.0,
schemars,1.2.1,MIT,exact-version cached crate Cargo.toml,LICENSE,registry+https://github.com/rust-lang/crates.io-index,apps/client/src-tauri/Cargo.lock,https://github.com/GREsau/schemars,https://crates.io/api/v1/crates/schemars/1.2.1,
schemars_derive,0.8.22,MIT,exact-version cached crate Cargo.toml,LICENSE,registry+https://github.com/rust-lang/crates.io-index,apps/client/src-tauri/Cargo.lock,https://github.com/GREsau/schemars,https://crates.io/api/v1/crates/schemars_derive/0.8.22,
scoped-tls,1.0.1,MIT/Apache-2.0,exact-version crates.io metadata; crate contents not inspected,,registry+https://github.com/rust-lang/crates.io-index,apps/client/src-tauri/Cargo.lock,https://github.com/alexcrichton/scoped-tls,https://crates.io/api/v1/crates/scoped-tls/1.0.1,
scopeguard,1.2.0,MIT OR Apache-2.0,exact-version cached crate Cargo.toml,LICENSE-APACHE; LICENSE-MIT,registry+https://github.com/rust-lang/crates.io-index,apps/client/src-tauri/Cargo.lock,https://github.com/bluss/scopeguard,https://crates.io/api/v1/crates/scopeguard/1.2.0,
security-framework,3.7.0,MIT OR Apache-2.0,exact-version crates.io metadata; crate contents not inspected,,registry+https://github.com/rust-lang/crates.io-index,apps/client/src-tauri/Cargo.lock,https://github.com/kornelski/rust-security-framework,https://crates.io/api/v1/crates/security-framework/3.7.0,
security-framework-sys,2.17.0,MIT OR Apache-2.0,exact-version crates.io metadata; crate contents not inspected,,registry+https://github.com/rust-lang/crates.io-index,apps/client/src-tauri/Cargo.lock,https://github.com/kornelski/rust-security-framework,https://crates.io/api/v1/crates/security-framework-sys/2.17.0,
selectors,0.24.0,MPL-2.0,exact-version cached crate Cargo.toml,,registry+https://github.com/rust-lang/crates.io-index,apps/client/src-tauri/Cargo.lock,https://github.com/servo/servo,https://crates.io/api/v1/crates/selectors/0.24.0,
selectors,0.36.1,MPL-2.0,exact-version cached crate Cargo.toml,,registry+https://github.com/rust-lang/crates.io-index,apps/client/src-tauri/Cargo.lock,https://github.com/servo/stylo,https://crates.io/api/v1/crates/selectors/0.36.1,
semver,1.0.28,MIT OR Apache-2.0,exact-version cached crate Cargo.toml,LICENSE-APACHE; LICENSE-MIT,registry+https://github.com/rust-lang/crates.io-index,apps/client/src-tauri/Cargo.lock,https://github.com/dtolnay/semver,https://crates.io/api/v1/crates/semver/1.0.28,
serde,1.0.228,MIT OR Apache-2.0,exact-version cached crate Cargo.toml,LICENSE-APACHE; LICENSE-MIT,registry+https://github.com/rust-lang/crates.io-index,apps/client/src-tauri/Cargo.lock,https://github.com/serde-rs/serde,https://crates.io/api/v1/crates/serde/1.0.228,
serde,1.0.229,MIT OR Apache-2.0,exact-version cached crate Cargo.toml,LICENSE-APACHE; LICENSE-MIT,registry+https://github.com/rust-lang/crates.io-index,packages/fleet-protocol/Cargo.lock,https://github.com/serde-rs/serde,https://crates.io/api/v1/crates/serde/1.0.229,
serde-untagged,0.1.9,MIT OR Apache-2.0,exact-version cached crate Cargo.toml,LICENSE-APACHE; LICENSE-MIT,registry+https://github.com/rust-lang/crates.io-index,apps/client/src-tauri/Cargo.lock,https://github.com/dtolnay/serde-untagged,https://crates.io/api/v1/crates/serde-untagged/0.1.9,
serde_core,1.0.228,MIT OR Apache-2.0,exact-version cached crate Cargo.toml,LICENSE-APACHE; LICENSE-MIT,registry+https://github.com/rust-lang/crates.io-index,apps/client/src-tauri/Cargo.lock,https://github.com/serde-rs/serde,https://crates.io/api/v1/crates/serde_core/1.0.228,
serde_core,1.0.229,MIT OR Apache-2.0,exact-version cached crate Cargo.toml,LICENSE-APACHE; LICENSE-MIT,registry+https://github.com/rust-lang/crates.io-index,packages/fleet-protocol/Cargo.lock,https://github.com/serde-rs/serde,https://crates.io/api/v1/crates/serde_core/1.0.229,
serde_derive,1.0.228,MIT OR Apache-2.0,exact-version cached crate Cargo.toml,LICENSE-APACHE; LICENSE-MIT,registry+https://github.com/rust-lang/crates.io-index,apps/client/src-tauri/Cargo.lock,https://github.com/serde-rs/serde,https://crates.io/api/v1/crates/serde_derive/1.0.228,
serde_derive,1.0.229,MIT OR Apache-2.0,exact-version cached crate Cargo.toml,LICENSE-APACHE; LICENSE-MIT,registry+https://github.com/rust-lang/crates.io-index,packages/fleet-protocol/Cargo.lock,https://github.com/serde-rs/serde,https://crates.io/api/v1/crates/serde_derive/1.0.229,
serde_derive_internals,0.29.1,MIT OR Apache-2.0,exact-version cached crate Cargo.toml,LICENSE-APACHE; LICENSE-MIT,registry+https://github.com/rust-lang/crates.io-index,apps/client/src-tauri/Cargo.lock,https://github.com/serde-rs/serde,https://crates.io/api/v1/crates/serde_derive_internals/0.29.1,
serde_json,1.0.149,MIT OR Apache-2.0,exact-version cached crate Cargo.toml,LICENSE-APACHE; LICENSE-MIT,registry+https://github.com/rust-lang/crates.io-index,apps/client/src-tauri/Cargo.lock,https://github.com/serde-rs/json,https://crates.io/api/v1/crates/serde_json/1.0.149,
serde_json,1.0.151,MIT OR Apache-2.0,exact-version cached crate Cargo.toml,LICENSE-APACHE; LICENSE-MIT,registry+https://github.com/rust-lang/crates.io-index,packages/fleet-protocol/Cargo.lock,https://github.com/serde-rs/json,https://crates.io/api/v1/crates/serde_json/1.0.151,
serde_repr,0.1.20,MIT OR Apache-2.0,exact-version cached crate Cargo.toml,LICENSE-APACHE; LICENSE-MIT,registry+https://github.com/rust-lang/crates.io-index,apps/client/src-tauri/Cargo.lock,https://github.com/dtolnay/serde-repr,https://crates.io/api/v1/crates/serde_repr/0.1.20,
serde_spanned,0.6.9,MIT OR Apache-2.0,exact-version crates.io metadata; crate contents not inspected,,registry+https://github.com/rust-lang/crates.io-index,apps/client/src-tauri/Cargo.lock,https://github.com/toml-rs/toml,https://crates.io/api/v1/crates/serde_spanned/0.6.9,
serde_spanned,1.1.1,MIT OR Apache-2.0,exact-version cached crate Cargo.toml,LICENSE-APACHE; LICENSE-MIT,registry+https://github.com/rust-lang/crates.io-index,apps/client/src-tauri/Cargo.lock,https://github.com/toml-rs/toml,https://crates.io/api/v1/crates/serde_spanned/1.1.1,
serde_urlencoded,0.7.1,MIT/Apache-2.0,exact-version cached crate Cargo.toml,LICENSE-APACHE; LICENSE-MIT,registry+https://github.com/rust-lang/crates.io-index,apps/client/src-tauri/Cargo.lock,https://github.com/nox/serde_urlencoded,https://crates.io/api/v1/crates/serde_urlencoded/0.7.1,
serde_with,3.18.0,MIT OR Apache-2.0,exact-version cached crate Cargo.toml,LICENSE-APACHE; LICENSE-MIT,registry+https://github.com/rust-lang/crates.io-index,apps/client/src-tauri/Cargo.lock,https://github.com/jonasbb/serde_with/,https://crates.io/api/v1/crates/serde_with/3.18.0,
serde_with_macros,3.18.0,MIT OR Apache-2.0,exact-version cached crate Cargo.toml,LICENSE-APACHE; LICENSE-MIT,registry+https://github.com/rust-lang/crates.io-index,apps/client/src-tauri/Cargo.lock,https://github.com/jonasbb/serde_with/,https://crates.io/api/v1/crates/serde_with_macros/3.18.0,
serial2,0.2.38,BSD-2-Clause OR Apache-2.0,exact-version cached crate Cargo.toml,LICENSE-APACHE; LICENSE-BSD,registry+https://github.com/rust-lang/crates.io-index,apps/client/src-tauri/Cargo.lock,https://github.com/de-vri-es/serial2-rs,https://crates.io/api/v1/crates/serial2/0.2.38,
serialize-to-javascript,0.1.2,MIT OR Apache-2.0,exact-version cached crate Cargo.toml,LICENSE-APACHE; LICENSE-MIT,registry+https://github.com/rust-lang/crates.io-index,apps/client/src-tauri/Cargo.lock,https://github.com/chippers/serialize-to-javascript,https://crates.io/api/v1/crates/serialize-to-javascript/0.1.2,
serialize-to-javascript-impl,0.1.2,MIT OR Apache-2.0,exact-version cached crate Cargo.toml,LICENSE-APACHE; LICENSE-MIT,registry+https://github.com/rust-lang/crates.io-index,apps/client/src-tauri/Cargo.lock,https://github.com/chippers/serialize-to-javascript,https://crates.io/api/v1/crates/serialize-to-javascript-impl/0.1.2,
servo_arc,0.2.0,MIT OR Apache-2.0,exact-version cached crate Cargo.toml,LICENSE-APACHE; LICENSE-MIT,registry+https://github.com/rust-lang/crates.io-index,apps/client/src-tauri/Cargo.lock,https://github.com/servo/servo,https://crates.io/api/v1/crates/servo_arc/0.2.0,
servo_arc,0.4.3,MIT OR Apache-2.0,exact-version cached crate Cargo.toml,LICENSE-APACHE; LICENSE-MIT,registry+https://github.com/rust-lang/crates.io-index,apps/client/src-tauri/Cargo.lock,https://github.com/servo/stylo,https://crates.io/api/v1/crates/servo_arc/0.4.3,
sha1,0.10.6,MIT OR Apache-2.0,exact-version cached crate Cargo.toml,LICENSE-APACHE; LICENSE-MIT,registry+https://github.com/rust-lang/crates.io-index,apps/client/src-tauri/Cargo.lock,https://github.com/RustCrypto/hashes,https://crates.io/api/v1/crates/sha1/0.10.6,
sha2,0.10.9,MIT OR Apache-2.0,exact-version cached crate Cargo.toml,LICENSE-APACHE; LICENSE-MIT,registry+https://github.com/rust-lang/crates.io-index,apps/client/src-tauri/Cargo.lock,https://github.com/RustCrypto/hashes,https://crates.io/api/v1/crates/sha2/0.10.9,
shared_library,0.1.9,Apache-2.0/MIT,exact-version cached crate Cargo.toml,LICENSE-APACHE; LICENSE-MIT,registry+https://github.com/rust-lang/crates.io-index,apps/client/src-tauri/Cargo.lock,https://github.com/tomaka/shared_library/,https://crates.io/api/v1/crates/shared_library/0.1.9,
shell-words,1.1.1,MIT/Apache-2.0,exact-version cached crate Cargo.toml,LICENSE-APACHE; LICENSE-MIT,registry+https://github.com/rust-lang/crates.io-index,apps/client/src-tauri/Cargo.lock,https://github.com/tmiasko/shell-words,https://crates.io/api/v1/crates/shell-words/1.1.1,
shlex,1.3.0,MIT OR Apache-2.0,exact-version cached crate Cargo.toml,LICENSE-APACHE; LICENSE-MIT,registry+https://github.com/rust-lang/crates.io-index,apps/client/src-tauri/Cargo.lock,https://github.com/comex/rust-shlex,https://crates.io/api/v1/crates/shlex/1.3.0,
signal-hook-registry,1.4.8,MIT OR Apache-2.0,exact-version cached crate Cargo.toml,LICENSE-APACHE; LICENSE-MIT,registry+https://github.com/rust-lang/crates.io-index,apps/client/src-tauri/Cargo.lock,https://github.com/vorner/signal-hook,https://crates.io/api/v1/crates/signal-hook-registry/1.4.8,
simd-adler32,0.3.9,MIT,exact-version cached crate Cargo.toml,LICENSE.md,registry+https://github.com/rust-lang/crates.io-index,apps/client/src-tauri/Cargo.lock,https://github.com/mcountryman/simd-adler32,https://crates.io/api/v1/crates/simd-adler32/0.3.9,
simd_cesu8,1.2.0,Apache-2.0 OR MIT,exact-version crates.io metadata; crate contents not inspected,,registry+https://github.com/rust-lang/crates.io-index,apps/client/src-tauri/Cargo.lock,https://github.com/seancroach/simd_cesu8,https://crates.io/api/v1/crates/simd_cesu8/1.2.0,
simdutf8,0.1.5,MIT OR Apache-2.0,exact-version crates.io metadata; crate contents not inspected,,registry+https://github.com/rust-lang/crates.io-index,apps/client/src-tauri/Cargo.lock,https://github.com/rusticstuff/simdutf8,https://crates.io/api/v1/crates/simdutf8/0.1.5,
simplecss,0.2.2,Apache-2.0 OR MIT,exact-version cached crate Cargo.toml,AUTHORS; LICENSE-APACHE; LICENSE-MIT,registry+https://github.com/rust-lang/crates.io-index,apps/client/src-tauri/Cargo.lock,https://github.com/linebender/simplecss,https://crates.io/api/v1/crates/simplecss/0.2.2,
siphasher,0.3.11,MIT/Apache-2.0,exact-version cached crate Cargo.toml,COPYING,registry+https://github.com/rust-lang/crates.io-index,apps/client/src-tauri/Cargo.lock,https://github.com/jedisct1/rust-siphash,https://crates.io/api/v1/crates/siphasher/0.3.11,
siphasher,1.0.2,MIT/Apache-2.0,exact-version cached crate Cargo.toml,COPYING,registry+https://github.com/rust-lang/crates.io-index,apps/client/src-tauri/Cargo.lock,https://github.com/jedisct1/rust-siphash,https://crates.io/api/v1/crates/siphasher/1.0.2,
slab,0.4.12,MIT,exact-version cached crate Cargo.toml,LICENSE,registry+https://github.com/rust-lang/crates.io-index,apps/client/src-tauri/Cargo.lock,https://github.com/tokio-rs/slab,https://crates.io/api/v1/crates/slab/0.4.12,
slotmap,1.1.1,Zlib,exact-version cached crate Cargo.toml,LICENSE,registry+https://github.com/rust-lang/crates.io-index,apps/client/src-tauri/Cargo.lock,https://github.com/orlp/slotmap,https://crates.io/api/v1/crates/slotmap/1.1.1,
smallvec,1.15.1,MIT OR Apache-2.0,exact-version cached crate Cargo.toml,LICENSE-APACHE; LICENSE-MIT,registry+https://github.com/rust-lang/crates.io-index,apps/client/src-tauri/Cargo.lock,https://github.com/servo/rust-smallvec,https://crates.io/api/v1/crates/smallvec/1.15.1,
snow,0.10.0,Apache-2.0 OR MIT,exact-version cached crate Cargo.toml,LICENSE-APACHE; LICENSE-MIT,registry+https://github.com/rust-lang/crates.io-index,apps/client/src-tauri/Cargo.lock,https://github.com/mcginty/snow,https://crates.io/api/v1/crates/snow/0.10.0,
socket-pktinfo,0.4.0,MIT,exact-version cached crate Cargo.toml,LICENSE,registry+https://github.com/rust-lang/crates.io-index,apps/client/src-tauri/Cargo.lock,https://github.com/pixsper/socket-pktinfo,https://crates.io/api/v1/crates/socket-pktinfo/0.4.0,
socket2,0.6.0,MIT OR Apache-2.0,exact-version cached crate Cargo.toml,LICENSE-APACHE; LICENSE-MIT,registry+https://github.com/rust-lang/crates.io-index,apps/client/src-tauri/Cargo.lock,https://github.com/rust-lang/socket2,https://crates.io/api/v1/crates/socket2/0.6.0,
socks,0.3.4,MIT/Apache-2.0,exact-version cached crate Cargo.toml,LICENSE-APACHE; LICENSE-MIT,registry+https://github.com/rust-lang/crates.io-index,apps/client/src-tauri/Cargo.lock,https://github.com/sfackler/rust-socks,https://crates.io/api/v1/crates/socks/0.3.4,
softbuffer,0.4.8,MIT OR Apache-2.0,exact-version cached crate Cargo.toml,LICENSE-APACHE; LICENSE-MIT,registry+https://github.com/rust-lang/crates.io-index,apps/client/src-tauri/Cargo.lock,https://github.com/rust-windowing/softbuffer,https://crates.io/api/v1/crates/softbuffer/0.4.8,
soup3,0.5.0,MIT,exact-version crates.io metadata; crate contents not inspected,,registry+https://github.com/rust-lang/crates.io-index,apps/client/src-tauri/Cargo.lock,https://gitlab.gnome.org/World/Rust/soup3-rs,https://crates.io/api/v1/crates/soup3/0.5.0,
soup3-sys,0.5.0,MIT,exact-version crates.io metadata; crate contents not inspected,,registry+https://github.com/rust-lang/crates.io-index,apps/client/src-tauri/Cargo.lock,https://gitlab.gnome.org/World/Rust/soup3-rs,https://crates.io/api/v1/crates/soup3-sys/0.5.0,
spin,0.9.9,MIT,exact-version cached crate Cargo.toml,LICENSE,registry+https://github.com/rust-lang/crates.io-index,apps/client/src-tauri/Cargo.lock,https://github.com/mvdnes/spin-rs.git,https://crates.io/api/v1/crates/spin/0.9.9,
sqlite-wasm-rs,0.5.5,MIT,exact-version crates.io metadata; crate contents not inspected,,registry+https://github.com/rust-lang/crates.io-index,apps/client/src-tauri/Cargo.lock,https://github.com/Spxg/sqlite-wasm-rs,https://crates.io/api/v1/crates/sqlite-wasm-rs/0.5.5,
stable_deref_trait,1.2.1,MIT OR Apache-2.0,exact-version cached crate Cargo.toml,LICENSE-APACHE; LICENSE-MIT,registry+https://github.com/rust-lang/crates.io-index,apps/client/src-tauri/Cargo.lock,https://github.com/storyyeller/stable_deref_trait,https://crates.io/api/v1/crates/stable_deref_trait/1.2.1,
strict-num,0.1.1,MIT,exact-version cached crate Cargo.toml,LICENSE,registry+https://github.com/rust-lang/crates.io-index,apps/client/src-tauri/Cargo.lock,https://github.com/RazrFalcon/strict-num,https://crates.io/api/v1/crates/strict-num/0.1.1,
string_cache,0.8.9,MIT OR Apache-2.0,exact-version cached crate Cargo.toml,LICENSE-APACHE; LICENSE-MIT,registry+https://github.com/rust-lang/crates.io-index,apps/client/src-tauri/Cargo.lock,https://github.com/servo/string-cache,https://crates.io/api/v1/crates/string_cache/0.8.9,
string_cache,0.9.0,MIT OR Apache-2.0,exact-version cached crate Cargo.toml,LICENSE-APACHE; LICENSE-MIT,registry+https://github.com/rust-lang/crates.io-index,apps/client/src-tauri/Cargo.lock,https://github.com/servo/string-cache,https://crates.io/api/v1/crates/string_cache/0.9.0,
string_cache_codegen,0.5.4,MIT OR Apache-2.0,exact-version cached crate Cargo.toml,LICENSE-APACHE; LICENSE-MIT,registry+https://github.com/rust-lang/crates.io-index,apps/client/src-tauri/Cargo.lock,https://github.com/servo/string-cache,https://crates.io/api/v1/crates/string_cache_codegen/0.5.4,
string_cache_codegen,0.6.1,MIT OR Apache-2.0,exact-version cached crate Cargo.toml,LICENSE-APACHE; LICENSE-MIT,registry+https://github.com/rust-lang/crates.io-index,apps/client/src-tauri/Cargo.lock,https://github.com/servo/string-cache,https://crates.io/api/v1/crates/string_cache_codegen/0.6.1,
strsim,0.11.1,MIT,exact-version cached crate Cargo.toml,LICENSE,registry+https://github.com/rust-lang/crates.io-index,apps/client/src-tauri/Cargo.lock,https://github.com/rapidfuzz/strsim-rs,https://crates.io/api/v1/crates/strsim/0.11.1,
subtle,2.6.1,BSD-3-Clause,exact-version cached crate Cargo.toml,LICENSE,registry+https://github.com/rust-lang/crates.io-index,apps/client/src-tauri/Cargo.lock,https://github.com/dalek-cryptography/subtle,https://crates.io/api/v1/crates/subtle/2.6.1,
svgtypes,0.16.1,Apache-2.0 OR MIT,exact-version cached crate Cargo.toml,AUTHORS; LICENSE-APACHE; LICENSE-MIT,registry+https://github.com/rust-lang/crates.io-index,apps/client/src-tauri/Cargo.lock,https://github.com/linebender/svgtypes,https://crates.io/api/v1/crates/svgtypes/0.16.1,
swift-rs,1.0.7,MIT OR Apache-2.0,exact-version crates.io metadata; crate contents not inspected,,registry+https://github.com/rust-lang/crates.io-index,apps/client/src-tauri/Cargo.lock,https://github.com/Brendonovich/swift-rs,https://crates.io/api/v1/crates/swift-rs/1.0.7,
syn,1.0.109,MIT OR Apache-2.0,exact-version cached crate Cargo.toml,LICENSE-APACHE; LICENSE-MIT,registry+https://github.com/rust-lang/crates.io-index,apps/client/src-tauri/Cargo.lock,https://github.com/dtolnay/syn,https://crates.io/api/v1/crates/syn/1.0.109,
syn,2.0.117,MIT OR Apache-2.0,exact-version cached crate Cargo.toml,LICENSE-APACHE; LICENSE-MIT,registry+https://github.com/rust-lang/crates.io-index,apps/client/src-tauri/Cargo.lock,https://github.com/dtolnay/syn,https://crates.io/api/v1/crates/syn/2.0.117,
syn,3.0.4,MIT OR Apache-2.0,exact-version cached crate Cargo.toml,LICENSE-APACHE; LICENSE-MIT,registry+https://github.com/rust-lang/crates.io-index,packages/fleet-protocol/Cargo.lock,https://github.com/dtolnay/syn,https://crates.io/api/v1/crates/syn/3.0.4,
sync_wrapper,1.0.2,Apache-2.0,exact-version cached crate Cargo.toml,LICENSE,registry+https://github.com/rust-lang/crates.io-index,apps/client/src-tauri/Cargo.lock,https://github.com/Actyx/sync_wrapper,https://crates.io/api/v1/crates/sync_wrapper/1.0.2,
synstructure,0.13.2,MIT,exact-version cached crate Cargo.toml,LICENSE,registry+https://github.com/rust-lang/crates.io-index,apps/client/src-tauri/Cargo.lock,https://github.com/mystor/synstructure,https://crates.io/api/v1/crates/synstructure/0.13.2,
sysinfo,0.39.6,MIT,exact-version cached crate Cargo.toml,LICENSE,registry+https://github.com/rust-lang/crates.io-index,apps/client/src-tauri/Cargo.lock,https://github.com/GuillaumeGomez/sysinfo,https://crates.io/api/v1/crates/sysinfo/0.39.6,
system-configuration,0.7.0,MIT OR Apache-2.0,exact-version crates.io metadata; crate contents not inspected,,registry+https://github.com/rust-lang/crates.io-index,apps/client/src-tauri/Cargo.lock,https://github.com/mullvad/system-configuration-rs,https://crates.io/api/v1/crates/system-configuration/0.7.0,
system-configuration-sys,0.6.0,MIT OR Apache-2.0,exact-version crates.io metadata; crate contents not inspected,,registry+https://github.com/rust-lang/crates.io-index,apps/client/src-tauri/Cargo.lock,https://github.com/mullvad/system-configuration-rs,https://crates.io/api/v1/crates/system-configuration-sys/0.6.0,
system-deps,6.2.2,MIT OR Apache-2.0,exact-version crates.io metadata; crate contents not inspected,,registry+https://github.com/rust-lang/crates.io-index,apps/client/src-tauri/Cargo.lock,https://github.com/gdesmott/system-deps,https://crates.io/api/v1/crates/system-deps/6.2.2,
system-deps,7.0.8,MIT OR Apache-2.0,exact-version crates.io metadata; crate contents not inspected,,registry+https://github.com/rust-lang/crates.io-index,apps/client/src-tauri/Cargo.lock,https://github.com/gdesmott/system-deps,https://crates.io/api/v1/crates/system-deps/7.0.8,
tagptr,0.2.0,MIT/Apache-2.0,exact-version cached crate Cargo.toml,LICENSE-APACHE; LICENSE-MIT,registry+https://github.com/rust-lang/crates.io-index,apps/client/src-tauri/Cargo.lock,https://github.com/oliver-giersch/tagptr.git,https://crates.io/api/v1/crates/tagptr/0.2.0,
tao,0.35.3,Apache-2.0,exact-version cached crate Cargo.toml,LICENSE; LICENSE.spdx,registry+https://github.com/rust-lang/crates.io-index,apps/client/src-tauri/Cargo.lock,https://github.com/tauri-apps/tao,https://crates.io/api/v1/crates/tao/0.35.3,
tao-macros,0.1.3,MIT OR Apache-2.0,exact-version crates.io metadata; crate contents not inspected,,registry+https://github.com/rust-lang/crates.io-index,apps/client/src-tauri/Cargo.lock,https://github.com/tauri-apps/tao,https://crates.io/api/v1/crates/tao-macros/0.1.3,
tar,0.4.46,MIT OR Apache-2.0,exact-version cached crate Cargo.toml,LICENSE-APACHE; LICENSE-MIT,registry+https://github.com/rust-lang/crates.io-index,apps/client/src-tauri/Cargo.lock,https://github.com/composefs/tar-rs,https://crates.io/api/v1/crates/tar/0.4.46,
target-lexicon,0.12.16,Apache-2.0 WITH LLVM-exception,exact-version crates.io metadata; crate contents not inspected,,registry+https://github.com/rust-lang/crates.io-index,apps/client/src-tauri/Cargo.lock,https://github.com/bytecodealliance/target-lexicon,https://crates.io/api/v1/crates/target-lexicon/0.12.16,
target-lexicon,0.13.3,Apache-2.0 WITH LLVM-exception,exact-version crates.io metadata; crate contents not inspected,,registry+https://github.com/rust-lang/crates.io-index,apps/client/src-tauri/Cargo.lock,https://github.com/bytecodealliance/target-lexicon,https://crates.io/api/v1/crates/target-lexicon/0.13.3,
tauri,2.11.2,Apache-2.0 OR MIT,exact-version cached crate Cargo.toml,LICENSE_APACHE-2.0; LICENSE_MIT,registry+https://github.com/rust-lang/crates.io-index,apps/client/src-tauri/Cargo.lock,https://github.com/tauri-apps/tauri,https://crates.io/api/v1/crates/tauri/2.11.2,
tauri-build,2.6.2,Apache-2.0 OR MIT,exact-version cached crate Cargo.toml,LICENSE_APACHE-2.0; LICENSE_MIT,registry+https://github.com/rust-lang/crates.io-index,apps/client/src-tauri/Cargo.lock,https://github.com/tauri-apps/tauri,https://crates.io/api/v1/crates/tauri-build/2.6.2,
tauri-codegen,2.6.2,Apache-2.0 OR MIT,exact-version cached crate Cargo.toml,LICENSE_APACHE-2.0; LICENSE_MIT,registry+https://github.com/rust-lang/crates.io-index,apps/client/src-tauri/Cargo.lock,https://github.com/tauri-apps/tauri,https://crates.io/api/v1/crates/tauri-codegen/2.6.2,
tauri-macros,2.6.2,Apache-2.0 OR MIT,exact-version cached crate Cargo.toml,LICENSE_APACHE-2.0; LICENSE_MIT,registry+https://github.com/rust-lang/crates.io-index,apps/client/src-tauri/Cargo.lock,https://github.com/tauri-apps/tauri,https://crates.io/api/v1/crates/tauri-macros/2.6.2,
tauri-plugin,2.5.4,Apache-2.0 OR MIT,exact-version cached crate Cargo.toml,,registry+https://github.com/rust-lang/crates.io-index,apps/client/src-tauri/Cargo.lock,https://github.com/tauri-apps/tauri,https://crates.io/api/v1/crates/tauri-plugin/2.5.4,
tauri-plugin-autostart,2.5.1,Apache-2.0 OR MIT,exact-version cached crate Cargo.toml,LICENSE.spdx; LICENSE_APACHE-2.0; LICENSE_MIT,registry+https://github.com/rust-lang/crates.io-index,apps/client/src-tauri/Cargo.lock,https://github.com/tauri-apps/plugins-workspace,https://crates.io/api/v1/crates/tauri-plugin-autostart/2.5.1,
tauri-plugin-dialog,2.7.0,Apache-2.0 OR MIT,exact-version cached crate Cargo.toml,LICENSE.spdx; LICENSE_APACHE-2.0; LICENSE_MIT,registry+https://github.com/rust-lang/crates.io-index,apps/client/src-tauri/Cargo.lock,https://github.com/tauri-apps/plugins-workspace,https://crates.io/api/v1/crates/tauri-plugin-dialog/2.7.0,
tauri-plugin-fs,2.5.0,Apache-2.0 OR MIT,exact-version cached crate Cargo.toml,LICENSE.spdx; LICENSE_APACHE-2.0; LICENSE_MIT,registry+https://github.com/rust-lang/crates.io-index,apps/client/src-tauri/Cargo.lock,https://github.com/tauri-apps/plugins-workspace,https://crates.io/api/v1/crates/tauri-plugin-fs/2.5.0,
tauri-plugin-global-shortcut,2.3.1,Apache-2.0 OR MIT,exact-version cached crate Cargo.toml,LICENSE.spdx; LICENSE_APACHE-2.0; LICENSE_MIT,registry+https://github.com/rust-lang/crates.io-index,apps/client/src-tauri/Cargo.lock,https://github.com/tauri-apps/plugins-workspace,https://crates.io/api/v1/crates/tauri-plugin-global-shortcut/2.3.1,
tauri-plugin-mcp-bridge,0.11.2,MIT,exact-version cached crate Cargo.toml,LICENSE,registry+https://github.com/rust-lang/crates.io-index,apps/client/src-tauri/Cargo.lock,https://github.com/hypothesi/mcp-server-tauri,https://crates.io/api/v1/crates/tauri-plugin-mcp-bridge/0.11.2,
tauri-plugin-opener,2.5.3,Apache-2.0 OR MIT,exact-version cached crate Cargo.toml,LICENSE.spdx; LICENSE_APACHE-2.0; LICENSE_MIT,registry+https://github.com/rust-lang/crates.io-index,apps/client/src-tauri/Cargo.lock,https://github.com/tauri-apps/plugins-workspace,https://crates.io/api/v1/crates/tauri-plugin-opener/2.5.3,
tauri-plugin-single-instance,2.4.2,Apache-2.0 OR MIT,exact-version cached crate Cargo.toml,LICENSE.spdx; LICENSE_APACHE-2.0; LICENSE_MIT,registry+https://github.com/rust-lang/crates.io-index,apps/client/src-tauri/Cargo.lock,https://github.com/tauri-apps/plugins-workspace,https://crates.io/api/v1/crates/tauri-plugin-single-instance/2.4.2,
tauri-plugin-store,2.4.2,Apache-2.0 OR MIT,exact-version cached crate Cargo.toml,LICENSE.spdx; LICENSE_APACHE-2.0; LICENSE_MIT,registry+https://github.com/rust-lang/crates.io-index,apps/client/src-tauri/Cargo.lock,https://github.com/tauri-apps/plugins-workspace,https://crates.io/api/v1/crates/tauri-plugin-store/2.4.2,
tauri-runtime,2.11.2,Apache-2.0 OR MIT,exact-version cached crate Cargo.toml,LICENSE_APACHE-2.0; LICENSE_MIT,registry+https://github.com/rust-lang/crates.io-index,apps/client/src-tauri/Cargo.lock,https://github.com/tauri-apps/tauri,https://crates.io/api/v1/crates/tauri-runtime/2.11.2,
tauri-runtime-wry,2.11.2,Apache-2.0 OR MIT,exact-version cached crate Cargo.toml,LICENSE_APACHE-2.0; LICENSE_MIT,registry+https://github.com/rust-lang/crates.io-index,apps/client/src-tauri/Cargo.lock,https://github.com/tauri-apps/tauri,https://crates.io/api/v1/crates/tauri-runtime-wry/2.11.2,
tauri-utils,2.9.2,Apache-2.0 OR MIT,exact-version cached crate Cargo.toml,LICENSE_APACHE-2.0; LICENSE_MIT,registry+https://github.com/rust-lang/crates.io-index,apps/client/src-tauri/Cargo.lock,https://github.com/tauri-apps/tauri,https://crates.io/api/v1/crates/tauri-utils/2.9.2,
tauri-winres,0.3.5,MIT,exact-version cached crate Cargo.toml,LICENSE,registry+https://github.com/rust-lang/crates.io-index,apps/client/src-tauri/Cargo.lock,https://github.com/tauri-apps/winres,https://crates.io/api/v1/crates/tauri-winres/0.3.5,
tempfile,3.27.0,MIT OR Apache-2.0,exact-version cached crate Cargo.toml,LICENSE-APACHE; LICENSE-MIT,registry+https://github.com/rust-lang/crates.io-index,apps/client/src-tauri/Cargo.lock,https://github.com/Stebalien/tempfile,https://crates.io/api/v1/crates/tempfile/3.27.0,
tendril,0.4.3,MIT/Apache-2.0,exact-version cached crate Cargo.toml,LICENSE-APACHE; LICENSE-MIT,registry+https://github.com/rust-lang/crates.io-index,apps/client/src-tauri/Cargo.lock,https://github.com/servo/tendril,https://crates.io/api/v1/crates/tendril/0.4.3,
tendril,0.5.0,MIT OR Apache-2.0,exact-version cached crate Cargo.toml,LICENSE-APACHE; LICENSE-MIT,registry+https://github.com/rust-lang/crates.io-index,apps/client/src-tauri/Cargo.lock,https://github.com/servo/html5ever,https://crates.io/api/v1/crates/tendril/0.5.0,
thiserror,1.0.69,MIT OR Apache-2.0,exact-version cached crate Cargo.toml,LICENSE-APACHE; LICENSE-MIT,registry+https://github.com/rust-lang/crates.io-index,apps/client/src-tauri/Cargo.lock,https://github.com/dtolnay/thiserror,https://crates.io/api/v1/crates/thiserror/1.0.69,
thiserror,2.0.18,MIT OR Apache-2.0,exact-version cached crate Cargo.toml,LICENSE-APACHE; LICENSE-MIT,registry+https://github.com/rust-lang/crates.io-index,apps/client/src-tauri/Cargo.lock,https://github.com/dtolnay/thiserror,https://crates.io/api/v1/crates/thiserror/2.0.18,
thiserror-impl,1.0.69,MIT OR Apache-2.0,exact-version cached crate Cargo.toml,LICENSE-APACHE; LICENSE-MIT,registry+https://github.com/rust-lang/crates.io-index,apps/client/src-tauri/Cargo.lock,https://github.com/dtolnay/thiserror,https://crates.io/api/v1/crates/thiserror-impl/1.0.69,
thiserror-impl,2.0.18,MIT OR Apache-2.0,exact-version cached crate Cargo.toml,LICENSE-APACHE; LICENSE-MIT,registry+https://github.com/rust-lang/crates.io-index,apps/client/src-tauri/Cargo.lock,https://github.com/dtolnay/thiserror,https://crates.io/api/v1/crates/thiserror-impl/2.0.18,
time,0.3.47,MIT OR Apache-2.0,exact-version cached crate Cargo.toml,LICENSE-Apache; LICENSE-MIT,registry+https://github.com/rust-lang/crates.io-index,apps/client/src-tauri/Cargo.lock,https://github.com/time-rs/time,https://crates.io/api/v1/crates/time/0.3.47,
time-core,0.1.8,MIT OR Apache-2.0,exact-version cached crate Cargo.toml,LICENSE-Apache; LICENSE-MIT,registry+https://github.com/rust-lang/crates.io-index,apps/client/src-tauri/Cargo.lock,https://github.com/time-rs/time,https://crates.io/api/v1/crates/time-core/0.1.8,
time-macros,0.2.27,MIT OR Apache-2.0,exact-version cached crate Cargo.toml,LICENSE-Apache; LICENSE-MIT,registry+https://github.com/rust-lang/crates.io-index,apps/client/src-tauri/Cargo.lock,https://github.com/time-rs/time,https://crates.io/api/v1/crates/time-macros/0.2.27,
tiny-skia,0.12.0,BSD-3-Clause,exact-version cached crate Cargo.toml,LICENSE,registry+https://github.com/rust-lang/crates.io-index,apps/client/src-tauri/Cargo.lock,https://github.com/linebender/tiny-skia,https://crates.io/api/v1/crates/tiny-skia/0.12.0,
tiny-skia-path,0.12.0,BSD-3-Clause,exact-version cached crate Cargo.toml,LICENSE,registry+https://github.com/rust-lang/crates.io-index,apps/client/src-tauri/Cargo.lock,https://github.com/linebender/tiny-skia/tree/master/path,https://crates.io/api/v1/crates/tiny-skia-path/0.12.0,
tinystr,0.8.3,Unicode-3.0,exact-version cached crate Cargo.toml,LICENSE,registry+https://github.com/rust-lang/crates.io-index,apps/client/src-tauri/Cargo.lock,https://github.com/unicode-org/icu4x,https://crates.io/api/v1/crates/tinystr/0.8.3,
tinyvec,1.11.0,Zlib OR Apache-2.0 OR MIT,exact-version cached crate Cargo.toml,LICENSE-APACHE.md; LICENSE-MIT.md; LICENSE-ZLIB.md,registry+https://github.com/rust-lang/crates.io-index,apps/client/src-tauri/Cargo.lock,https://github.com/Lokathor/tinyvec,https://crates.io/api/v1/crates/tinyvec/1.11.0,
tinyvec_macros,0.1.1,MIT OR Apache-2.0 OR Zlib,exact-version cached crate Cargo.toml,LICENSE-APACHE.md; LICENSE-MIT.md; LICENSE-ZLIB.md,registry+https://github.com/rust-lang/crates.io-index,apps/client/src-tauri/Cargo.lock,https://github.com/Soveu/tinyvec_macros,https://crates.io/api/v1/crates/tinyvec_macros/0.1.1,
tokio,1.50.0,MIT,exact-version cached crate Cargo.toml,LICENSE,registry+https://github.com/rust-lang/crates.io-index,apps/client/src-tauri/Cargo.lock,https://github.com/tokio-rs/tokio,https://crates.io/api/v1/crates/tokio/1.50.0,
tokio-macros,2.6.1,MIT,exact-version cached crate Cargo.toml,LICENSE,registry+https://github.com/rust-lang/crates.io-index,apps/client/src-tauri/Cargo.lock,https://github.com/tokio-rs/tokio,https://crates.io/api/v1/crates/tokio-macros/2.6.1,
tokio-native-tls,0.3.1,MIT,exact-version cached crate Cargo.toml,LICENSE,registry+https://github.com/rust-lang/crates.io-index,apps/client/src-tauri/Cargo.lock,https://github.com/tokio-rs/tls,https://crates.io/api/v1/crates/tokio-native-tls/0.3.1,
tokio-rustls,0.26.4,MIT OR Apache-2.0,exact-version cached crate Cargo.toml,LICENSE-APACHE; LICENSE-MIT,registry+https://github.com/rust-lang/crates.io-index,apps/client/src-tauri/Cargo.lock,https://github.com/rustls/tokio-rustls,https://crates.io/api/v1/crates/tokio-rustls/0.26.4,
tokio-stream,0.1.18,MIT,exact-version cached crate Cargo.toml,LICENSE,registry+https://github.com/rust-lang/crates.io-index,apps/client/src-tauri/Cargo.lock,https://github.com/tokio-rs/tokio,https://crates.io/api/v1/crates/tokio-stream/0.1.18,
tokio-tungstenite,0.24.0,MIT,exact-version cached crate Cargo.toml,LICENSE,registry+https://github.com/rust-lang/crates.io-index,apps/client/src-tauri/Cargo.lock,https://github.com/snapview/tokio-tungstenite,https://crates.io/api/v1/crates/tokio-tungstenite/0.24.0,
tokio-tungstenite,0.28.0,MIT,exact-version cached crate Cargo.toml,LICENSE,registry+https://github.com/rust-lang/crates.io-index,apps/client/src-tauri/Cargo.lock,https://github.com/snapview/tokio-tungstenite,https://crates.io/api/v1/crates/tokio-tungstenite/0.28.0,
tokio-util,0.7.18,MIT,exact-version cached crate Cargo.toml,LICENSE,registry+https://github.com/rust-lang/crates.io-index,apps/client/src-tauri/Cargo.lock,https://github.com/tokio-rs/tokio,https://crates.io/api/v1/crates/tokio-util/0.7.18,
toml,0.8.2,MIT OR Apache-2.0,exact-version crates.io metadata; crate contents not inspected,,registry+https://github.com/rust-lang/crates.io-index,apps/client/src-tauri/Cargo.lock,https://github.com/toml-rs/toml,https://crates.io/api/v1/crates/toml/0.8.2,
toml,0.9.12+spec-1.1.0,MIT OR Apache-2.0,exact-version cached crate Cargo.toml,LICENSE-APACHE; LICENSE-MIT,registry+https://github.com/rust-lang/crates.io-index,apps/client/src-tauri/Cargo.lock,https://github.com/toml-rs/toml,https://crates.io/api/v1/crates/toml/0.9.12+spec-1.1.0,
toml,1.1.2+spec-1.1.0,MIT OR Apache-2.0,exact-version cached crate Cargo.toml,LICENSE-APACHE; LICENSE-MIT,registry+https://github.com/rust-lang/crates.io-index,apps/client/src-tauri/Cargo.lock,https://github.com/toml-rs/toml,https://crates.io/api/v1/crates/toml/1.1.2+spec-1.1.0,
toml_datetime,0.6.3,MIT OR Apache-2.0,exact-version crates.io metadata; crate contents not inspected,,registry+https://github.com/rust-lang/crates.io-index,apps/client/src-tauri/Cargo.lock,https://github.com/toml-rs/toml,https://crates.io/api/v1/crates/toml_datetime/0.6.3,
toml_datetime,0.7.5+spec-1.1.0,MIT OR Apache-2.0,exact-version cached crate Cargo.toml,LICENSE-APACHE; LICENSE-MIT,registry+https://github.com/rust-lang/crates.io-index,apps/client/src-tauri/Cargo.lock,https://github.com/toml-rs/toml,https://crates.io/api/v1/crates/toml_datetime/0.7.5+spec-1.1.0,
toml_datetime,1.1.1+spec-1.1.0,MIT OR Apache-2.0,exact-version cached crate Cargo.toml,LICENSE-APACHE; LICENSE-MIT,registry+https://github.com/rust-lang/crates.io-index,apps/client/src-tauri/Cargo.lock,https://github.com/toml-rs/toml,https://crates.io/api/v1/crates/toml_datetime/1.1.1+spec-1.1.0,
toml_edit,0.19.15,MIT OR Apache-2.0,exact-version crates.io metadata; crate contents not inspected,,registry+https://github.com/rust-lang/crates.io-index,apps/client/src-tauri/Cargo.lock,https://github.com/toml-rs/toml,https://crates.io/api/v1/crates/toml_edit/0.19.15,
toml_edit,0.20.2,MIT OR Apache-2.0,exact-version crates.io metadata; crate contents not inspected,,registry+https://github.com/rust-lang/crates.io-index,apps/client/src-tauri/Cargo.lock,https://github.com/toml-rs/toml,https://crates.io/api/v1/crates/toml_edit/0.20.2,
toml_edit,0.25.11+spec-1.1.0,MIT OR Apache-2.0,exact-version crates.io metadata; crate contents not inspected,,registry+https://github.com/rust-lang/crates.io-index,apps/client/src-tauri/Cargo.lock,https://github.com/toml-rs/toml,https://crates.io/api/v1/crates/toml_edit/0.25.11+spec-1.1.0,
toml_parser,1.1.2+spec-1.1.0,MIT OR Apache-2.0,exact-version cached crate Cargo.toml,LICENSE-APACHE; LICENSE-MIT,registry+https://github.com/rust-lang/crates.io-index,apps/client/src-tauri/Cargo.lock,https://github.com/toml-rs/toml,https://crates.io/api/v1/crates/toml_parser/1.1.2+spec-1.1.0,
toml_writer,1.1.1+spec-1.1.0,MIT OR Apache-2.0,exact-version cached crate Cargo.toml,LICENSE-APACHE; LICENSE-MIT,registry+https://github.com/rust-lang/crates.io-index,apps/client/src-tauri/Cargo.lock,https://github.com/toml-rs/toml,https://crates.io/api/v1/crates/toml_writer/1.1.1+spec-1.1.0,
tower,0.5.3,MIT,exact-version cached crate Cargo.toml,LICENSE,registry+https://github.com/rust-lang/crates.io-index,apps/client/src-tauri/Cargo.lock,https://github.com/tower-rs/tower,https://crates.io/api/v1/crates/tower/0.5.3,
tower-http,0.6.8,MIT,exact-version cached crate Cargo.toml,LICENSE,registry+https://github.com/rust-lang/crates.io-index,apps/client/src-tauri/Cargo.lock,https://github.com/tower-rs/tower-http,https://crates.io/api/v1/crates/tower-http/0.6.8,
tower-layer,0.3.3,MIT,exact-version cached crate Cargo.toml,LICENSE,registry+https://github.com/rust-lang/crates.io-index,apps/client/src-tauri/Cargo.lock,https://github.com/tower-rs/tower,https://crates.io/api/v1/crates/tower-layer/0.3.3,
tower-service,0.3.3,MIT,exact-version cached crate Cargo.toml,LICENSE,registry+https://github.com/rust-lang/crates.io-index,apps/client/src-tauri/Cargo.lock,https://github.com/tower-rs/tower,https://crates.io/api/v1/crates/tower-service/0.3.3,
tracing,0.1.44,MIT,exact-version cached crate Cargo.toml,LICENSE,registry+https://github.com/rust-lang/crates.io-index,apps/client/src-tauri/Cargo.lock,https://github.com/tokio-rs/tracing,https://crates.io/api/v1/crates/tracing/0.1.44,
tracing-attributes,0.1.31,MIT,exact-version cached crate Cargo.toml,LICENSE,registry+https://github.com/rust-lang/crates.io-index,apps/client/src-tauri/Cargo.lock,https://github.com/tokio-rs/tracing,https://crates.io/api/v1/crates/tracing-attributes/0.1.31,
tracing-core,0.1.36,MIT,exact-version cached crate Cargo.toml,LICENSE,registry+https://github.com/rust-lang/crates.io-index,apps/client/src-tauri/Cargo.lock,https://github.com/tokio-rs/tracing,https://crates.io/api/v1/crates/tracing-core/0.1.36,
tray-icon,0.23.1,MIT OR Apache-2.0,exact-version cached crate Cargo.toml,LICENSE-APACHE; LICENSE-MIT; LICENSE.spdx,registry+https://github.com/rust-lang/crates.io-index,apps/client/src-tauri/Cargo.lock,https://github.com/tauri-apps/tray-icon,https://crates.io/api/v1/crates/tray-icon/0.23.1,
try-lock,0.2.5,MIT,exact-version cached crate Cargo.toml,LICENSE,registry+https://github.com/rust-lang/crates.io-index,apps/client/src-tauri/Cargo.lock,https://github.com/seanmonstar/try-lock,https://crates.io/api/v1/crates/try-lock/0.2.5,
ttf-parser,0.25.1,MIT OR Apache-2.0,exact-version cached crate Cargo.toml,LICENSE-APACHE; LICENSE-MIT,registry+https://github.com/rust-lang/crates.io-index,apps/client/src-tauri/Cargo.lock,https://github.com/harfbuzz/ttf-parser,https://crates.io/api/v1/crates/ttf-parser/0.25.1,
tungstenite,0.24.0,MIT OR Apache-2.0,exact-version cached crate Cargo.toml,LICENSE-APACHE; LICENSE-MIT,registry+https://github.com/rust-lang/crates.io-index,apps/client/src-tauri/Cargo.lock,https://github.com/snapview/tungstenite-rs,https://crates.io/api/v1/crates/tungstenite/0.24.0,
tungstenite,0.28.0,MIT OR Apache-2.0,exact-version cached crate Cargo.toml,LICENSE-APACHE; LICENSE-MIT,registry+https://github.com/rust-lang/crates.io-index,apps/client/src-tauri/Cargo.lock,https://github.com/snapview/tungstenite-rs,https://crates.io/api/v1/crates/tungstenite/0.28.0,
typeid,1.0.3,MIT OR Apache-2.0,exact-version cached crate Cargo.toml,LICENSE-APACHE; LICENSE-MIT,registry+https://github.com/rust-lang/crates.io-index,apps/client/src-tauri/Cargo.lock,https://github.com/dtolnay/typeid,https://crates.io/api/v1/crates/typeid/1.0.3,
typenum,1.20.1,MIT OR Apache-2.0,exact-version cached crate Cargo.toml,LICENSE; LICENSE-APACHE; LICENSE-MIT,registry+https://github.com/rust-lang/crates.io-index,apps/client/src-tauri/Cargo.lock,https://github.com/paholg/typenum,https://crates.io/api/v1/crates/typenum/1.20.1,
uds_windows,1.2.1,MIT,exact-version crates.io metadata; crate contents not inspected,,registry+https://github.com/rust-lang/crates.io-index,apps/client/src-tauri/Cargo.lock,https://github.com/haraldh/rust_uds_windows,https://crates.io/api/v1/crates/uds_windows/1.2.1,
unic-char-property,0.9.0,MIT/Apache-2.0,exact-version cached crate Cargo.toml,,registry+https://github.com/rust-lang/crates.io-index,apps/client/src-tauri/Cargo.lock,https://github.com/open-i18n/rust-unic/,https://crates.io/api/v1/crates/unic-char-property/0.9.0,
unic-char-range,0.9.0,MIT/Apache-2.0,exact-version cached crate Cargo.toml,,registry+https://github.com/rust-lang/crates.io-index,apps/client/src-tauri/Cargo.lock,https://github.com/open-i18n/rust-unic/,https://crates.io/api/v1/crates/unic-char-range/0.9.0,
unic-common,0.9.0,MIT/Apache-2.0,exact-version cached crate Cargo.toml,,registry+https://github.com/rust-lang/crates.io-index,apps/client/src-tauri/Cargo.lock,https://github.com/open-i18n/rust-unic/,https://crates.io/api/v1/crates/unic-common/0.9.0,
unic-ucd-ident,0.9.0,MIT/Apache-2.0,exact-version cached crate Cargo.toml,,registry+https://github.com/rust-lang/crates.io-index,apps/client/src-tauri/Cargo.lock,https://github.com/open-i18n/rust-unic/,https://crates.io/api/v1/crates/unic-ucd-ident/0.9.0,
unic-ucd-version,0.9.0,MIT/Apache-2.0,exact-version cached crate Cargo.toml,,registry+https://github.com/rust-lang/crates.io-index,apps/client/src-tauri/Cargo.lock,https://github.com/open-i18n/rust-unic/,https://crates.io/api/v1/crates/unic-ucd-version/0.9.0,
unicase,2.9.0,MIT OR Apache-2.0,exact-version cached crate Cargo.toml,LICENSE-APACHE; LICENSE-MIT,registry+https://github.com/rust-lang/crates.io-index,apps/client/src-tauri/Cargo.lock,https://github.com/seanmonstar/unicase,https://crates.io/api/v1/crates/unicase/2.9.0,
unicode-bidi,0.3.18,MIT OR Apache-2.0,exact-version cached crate Cargo.toml,AUTHORS; COPYRIGHT; LICENSE-APACHE; LICENSE-MIT,registry+https://github.com/rust-lang/crates.io-index,apps/client/src-tauri/Cargo.lock,https://github.com/servo/unicode-bidi,https://crates.io/api/v1/crates/unicode-bidi/0.3.18,
unicode-bidi-mirroring,0.4.0,MIT/Apache-2.0,exact-version cached crate Cargo.toml,LICENSE-APACHE; LICENSE-MIT,registry+https://github.com/rust-lang/crates.io-index,apps/client/src-tauri/Cargo.lock,https://github.com/RazrFalcon/unicode-bidi-mirroring,https://crates.io/api/v1/crates/unicode-bidi-mirroring/0.4.0,
unicode-ccc,0.4.0,MIT/Apache-2.0,exact-version cached crate Cargo.toml,LICENSE-APACHE; LICENSE-MIT,registry+https://github.com/rust-lang/crates.io-index,apps/client/src-tauri/Cargo.lock,https://github.com/RazrFalcon/unicode-ccc,https://crates.io/api/v1/crates/unicode-ccc/0.4.0,
unicode-ident,1.0.24,(MIT OR Apache-2.0) AND Unicode-3.0,exact-version cached crate Cargo.toml,LICENSE-APACHE; LICENSE-MIT; LICENSE-UNICODE,registry+https://github.com/rust-lang/crates.io-index,apps/client/src-tauri/Cargo.lock; packages/fleet-protocol/Cargo.lock,https://github.com/dtolnay/unicode-ident,https://crates.io/api/v1/crates/unicode-ident/1.0.24,
unicode-normalization,0.1.25,MIT OR Apache-2.0,exact-version cached crate Cargo.toml,COPYRIGHT; LICENSE-APACHE; LICENSE-MIT,registry+https://github.com/rust-lang/crates.io-index,apps/client/src-tauri/Cargo.lock,https://github.com/unicode-rs/unicode-normalization,https://crates.io/api/v1/crates/unicode-normalization/0.1.25,
unicode-properties,0.1.4,MIT/Apache-2.0,exact-version cached crate Cargo.toml,COPYRIGHT; LICENSE-APACHE; LICENSE-MIT,registry+https://github.com/rust-lang/crates.io-index,apps/client/src-tauri/Cargo.lock,https://github.com/unicode-rs/unicode-properties,https://crates.io/api/v1/crates/unicode-properties/0.1.4,
unicode-script,0.5.8,MIT OR Apache-2.0,exact-version cached crate Cargo.toml,LICENSE-APACHE; LICENSE-MIT,registry+https://github.com/rust-lang/crates.io-index,apps/client/src-tauri/Cargo.lock,https://github.com/unicode-rs/unicode-script,https://crates.io/api/v1/crates/unicode-script/0.5.8,
unicode-segmentation,1.13.2,MIT OR Apache-2.0,exact-version cached crate Cargo.toml,COPYRIGHT; LICENSE-APACHE; LICENSE-MIT,registry+https://github.com/rust-lang/crates.io-index,apps/client/src-tauri/Cargo.lock,https://github.com/unicode-rs/unicode-segmentation,https://crates.io/api/v1/crates/unicode-segmentation/1.13.2,
unicode-vo,0.1.0,MIT/Apache-2.0,exact-version cached crate Cargo.toml,LICENSE-APACHE; LICENSE-MIT,registry+https://github.com/rust-lang/crates.io-index,apps/client/src-tauri/Cargo.lock,https://github.com/RazrFalcon/unicode-vo,https://crates.io/api/v1/crates/unicode-vo/0.1.0,
unicode-width,0.2.2,MIT OR Apache-2.0,exact-version cached crate Cargo.toml,COPYRIGHT; LICENSE-APACHE; LICENSE-MIT,registry+https://github.com/rust-lang/crates.io-index,apps/client/src-tauri/Cargo.lock,https://github.com/unicode-rs/unicode-width,https://crates.io/api/v1/crates/unicode-width/0.2.2,
unicode-xid,0.2.6,MIT OR Apache-2.0,exact-version crates.io metadata; crate contents not inspected,,registry+https://github.com/rust-lang/crates.io-index,apps/client/src-tauri/Cargo.lock,https://github.com/unicode-rs/unicode-xid,https://crates.io/api/v1/crates/unicode-xid/0.2.6,
universal-hash,0.5.1,MIT OR Apache-2.0,exact-version cached crate Cargo.toml,LICENSE-APACHE; LICENSE-MIT,registry+https://github.com/rust-lang/crates.io-index,apps/client/src-tauri/Cargo.lock,https://github.com/RustCrypto/traits,https://crates.io/api/v1/crates/universal-hash/0.5.1,
universal-hash,0.6.1,MIT OR Apache-2.0,exact-version cached crate Cargo.toml,LICENSE-APACHE; LICENSE-MIT,registry+https://github.com/rust-lang/crates.io-index,apps/client/src-tauri/Cargo.lock,https://github.com/RustCrypto/traits,https://crates.io/api/v1/crates/universal-hash/0.6.1,
untrusted,0.9.0,ISC,exact-version cached crate Cargo.toml,LICENSE.txt,registry+https://github.com/rust-lang/crates.io-index,apps/client/src-tauri/Cargo.lock,https://github.com/briansmith/untrusted,https://crates.io/api/v1/crates/untrusted/0.9.0,
ureq,2.12.1,MIT OR Apache-2.0,exact-version cached crate Cargo.toml,LICENSE-APACHE; LICENSE-MIT,registry+https://github.com/rust-lang/crates.io-index,apps/client/src-tauri/Cargo.lock,https://github.com/algesten/ureq,https://crates.io/api/v1/crates/ureq/2.12.1,
ureq,3.3.0,MIT OR Apache-2.0,exact-version cached crate Cargo.toml,LICENSE-APACHE; LICENSE-MIT,registry+https://github.com/rust-lang/crates.io-index,apps/client/src-tauri/Cargo.lock,https://github.com/algesten/ureq,https://crates.io/api/v1/crates/ureq/3.3.0,
ureq-proto,0.6.0,MIT OR Apache-2.0,exact-version cached crate Cargo.toml,LICENSE-MIT.txt,registry+https://github.com/rust-lang/crates.io-index,apps/client/src-tauri/Cargo.lock,https://github.com/algesten/ureq-proto,https://crates.io/api/v1/crates/ureq-proto/0.6.0,
url,2.5.8,MIT OR Apache-2.0,exact-version cached crate Cargo.toml,LICENSE-APACHE; LICENSE-MIT,registry+https://github.com/rust-lang/crates.io-index,apps/client/src-tauri/Cargo.lock,https://github.com/servo/rust-url,https://crates.io/api/v1/crates/url/2.5.8,
urlpattern,0.3.0,MIT,exact-version cached crate Cargo.toml,LICENSE,registry+https://github.com/rust-lang/crates.io-index,apps/client/src-tauri/Cargo.lock,https://github.com/denoland/rust-urlpattern,https://crates.io/api/v1/crates/urlpattern/0.3.0,
usvg,0.47.0,Apache-2.0 OR MIT,exact-version cached crate Cargo.toml,LICENSE-APACHE; LICENSE-MIT,registry+https://github.com/rust-lang/crates.io-index,apps/client/src-tauri/Cargo.lock,https://github.com/linebender/resvg,https://crates.io/api/v1/crates/usvg/0.47.0,
utf-8,0.7.6,MIT OR Apache-2.0,exact-version cached crate Cargo.toml,LICENSE-APACHE; LICENSE-MIT,registry+https://github.com/rust-lang/crates.io-index,apps/client/src-tauri/Cargo.lock,https://github.com/SimonSapin/rust-utf8,https://crates.io/api/v1/crates/utf-8/0.7.6,
utf8-zero,0.8.1,MIT OR Apache-2.0,exact-version cached crate Cargo.toml,LICENSE-APACHE; LICENSE-MIT,registry+https://github.com/rust-lang/crates.io-index,apps/client/src-tauri/Cargo.lock,https://github.com/algesten/utf8-zero,https://crates.io/api/v1/crates/utf8-zero/0.8.1,
utf8_iter,1.0.4,Apache-2.0 OR MIT,exact-version cached crate Cargo.toml,COPYRIGHT; LICENSE-APACHE; LICENSE-MIT,registry+https://github.com/rust-lang/crates.io-index,apps/client/src-tauri/Cargo.lock,https://github.com/hsivonen/utf8_iter,https://crates.io/api/v1/crates/utf8_iter/1.0.4,
uuid,1.23.0,Apache-2.0 OR MIT,exact-version cached crate Cargo.toml,LICENSE-APACHE; LICENSE-MIT,registry+https://github.com/rust-lang/crates.io-index,apps/client/src-tauri/Cargo.lock,https://github.com/uuid-rs/uuid,https://crates.io/api/v1/crates/uuid/1.23.0,
vcpkg,0.2.15,MIT/Apache-2.0,exact-version cached crate Cargo.toml,LICENSE-APACHE; LICENSE-MIT,registry+https://github.com/rust-lang/crates.io-index,apps/client/src-tauri/Cargo.lock,https://github.com/mcgoo/vcpkg-rs,https://crates.io/api/v1/crates/vcpkg/0.2.15,
version-compare,0.2.1,MIT,exact-version crates.io metadata; crate contents not inspected,,registry+https://github.com/rust-lang/crates.io-index,apps/client/src-tauri/Cargo.lock,https://gitlab.com/timvisee/version-compare,https://crates.io/api/v1/crates/version-compare/0.2.1,
version_check,0.9.5,MIT/Apache-2.0,exact-version cached crate Cargo.toml,LICENSE-APACHE; LICENSE-MIT,registry+https://github.com/rust-lang/crates.io-index,apps/client/src-tauri/Cargo.lock,https://github.com/SergioBenitez/version_check,https://crates.io/api/v1/crates/version_check/0.9.5,
vswhom,0.1.0,MIT,exact-version cached crate Cargo.toml,LICENSE,registry+https://github.com/rust-lang/crates.io-index,apps/client/src-tauri/Cargo.lock,https://github.com/nabijaczleweli/vswhom.rs,https://crates.io/api/v1/crates/vswhom/0.1.0,
vswhom-sys,0.1.3,MIT,exact-version cached crate Cargo.toml,LICENSE,registry+https://github.com/rust-lang/crates.io-index,apps/client/src-tauri/Cargo.lock,https://github.com/nabijaczleweli/vswhom-sys.rs,https://crates.io/api/v1/crates/vswhom-sys/0.1.3,
walkdir,2.5.0,Unlicense/MIT,exact-version cached crate Cargo.toml,COPYING; LICENSE-MIT,registry+https://github.com/rust-lang/crates.io-index,apps/client/src-tauri/Cargo.lock,https://github.com/BurntSushi/walkdir,https://crates.io/api/v1/crates/walkdir/2.5.0,
want,0.3.1,MIT,exact-version cached crate Cargo.toml,LICENSE,registry+https://github.com/rust-lang/crates.io-index,apps/client/src-tauri/Cargo.lock,https://github.com/seanmonstar/want,https://crates.io/api/v1/crates/want/0.3.1,
wasi,0.11.1+wasi-snapshot-preview1,Apache-2.0 WITH LLVM-exception OR Apache-2.0 OR MIT,exact-version crates.io metadata; crate contents not inspected,,registry+https://github.com/rust-lang/crates.io-index,apps/client/src-tauri/Cargo.lock,https://github.com/bytecodealliance/wasi,https://crates.io/api/v1/crates/wasi/0.11.1+wasi-snapshot-preview1,
wasi,0.9.0+wasi-snapshot-preview1,Apache-2.0 WITH LLVM-exception OR Apache-2.0 OR MIT,exact-version crates.io metadata; crate contents not inspected,,registry+https://github.com/rust-lang/crates.io-index,apps/client/src-tauri/Cargo.lock,https://github.com/bytecodealliance/wasi,https://crates.io/api/v1/crates/wasi/0.9.0+wasi-snapshot-preview1,
wasip2,1.0.2+wasi-0.2.9,Apache-2.0 WITH LLVM-exception OR Apache-2.0 OR MIT,exact-version crates.io metadata; crate contents not inspected,,registry+https://github.com/rust-lang/crates.io-index,apps/client/src-tauri/Cargo.lock,https://github.com/bytecodealliance/wasi-rs,https://crates.io/api/v1/crates/wasip2/1.0.2+wasi-0.2.9,
wasip3,0.4.0+wasi-0.3.0-rc-2026-01-06,Apache-2.0 WITH LLVM-exception OR Apache-2.0 OR MIT,exact-version crates.io metadata; crate contents not inspected,,registry+https://github.com/rust-lang/crates.io-index,apps/client/src-tauri/Cargo.lock,https://github.com/bytecodealliance/wasi-rs,https://crates.io/api/v1/crates/wasip3/0.4.0+wasi-0.3.0-rc-2026-01-06,
wasm-bindgen,0.2.118,MIT OR Apache-2.0,exact-version crates.io metadata; crate contents not inspected,,registry+https://github.com/rust-lang/crates.io-index,apps/client/src-tauri/Cargo.lock,https://github.com/wasm-bindgen/wasm-bindgen,https://crates.io/api/v1/crates/wasm-bindgen/0.2.118,
wasm-bindgen-futures,0.4.68,MIT OR Apache-2.0,exact-version crates.io metadata; crate contents not inspected,,registry+https://github.com/rust-lang/crates.io-index,apps/client/src-tauri/Cargo.lock,https://github.com/wasm-bindgen/wasm-bindgen/tree/master/crates/futures,https://crates.io/api/v1/crates/wasm-bindgen-futures/0.4.68,
wasm-bindgen-macro,0.2.118,MIT OR Apache-2.0,exact-version crates.io metadata; crate contents not inspected,,registry+https://github.com/rust-lang/crates.io-index,apps/client/src-tauri/Cargo.lock,https://github.com/wasm-bindgen/wasm-bindgen/tree/master/crates/macro,https://crates.io/api/v1/crates/wasm-bindgen-macro/0.2.118,
wasm-bindgen-macro-support,0.2.118,MIT OR Apache-2.0,exact-version crates.io metadata; crate contents not inspected,,registry+https://github.com/rust-lang/crates.io-index,apps/client/src-tauri/Cargo.lock,https://github.com/wasm-bindgen/wasm-bindgen/tree/master/crates/macro-support,https://crates.io/api/v1/crates/wasm-bindgen-macro-support/0.2.118,
wasm-bindgen-shared,0.2.118,MIT OR Apache-2.0,exact-version crates.io metadata; crate contents not inspected,,registry+https://github.com/rust-lang/crates.io-index,apps/client/src-tauri/Cargo.lock,https://github.com/wasm-bindgen/wasm-bindgen/tree/master/crates/shared,https://crates.io/api/v1/crates/wasm-bindgen-shared/0.2.118,
wasm-encoder,0.244.0,Apache-2.0 WITH LLVM-exception OR Apache-2.0 OR MIT,exact-version crates.io metadata; crate contents not inspected,,registry+https://github.com/rust-lang/crates.io-index,apps/client/src-tauri/Cargo.lock,https://github.com/bytecodealliance/wasm-tools/tree/main/crates/wasm-encoder,https://crates.io/api/v1/crates/wasm-encoder/0.244.0,
wasm-metadata,0.244.0,Apache-2.0 WITH LLVM-exception OR Apache-2.0 OR MIT,exact-version crates.io metadata; crate contents not inspected,,registry+https://github.com/rust-lang/crates.io-index,apps/client/src-tauri/Cargo.lock,https://github.com/bytecodealliance/wasm-tools/tree/main/crates/wasm-metadata,https://crates.io/api/v1/crates/wasm-metadata/0.244.0,
wasm-streams,0.4.2,MIT OR Apache-2.0,exact-version crates.io metadata; crate contents not inspected,,registry+https://github.com/rust-lang/crates.io-index,apps/client/src-tauri/Cargo.lock,https://github.com/MattiasBuelens/wasm-streams/,https://crates.io/api/v1/crates/wasm-streams/0.4.2,
wasm-streams,0.5.0,MIT OR Apache-2.0,exact-version crates.io metadata; crate contents not inspected,,registry+https://github.com/rust-lang/crates.io-index,apps/client/src-tauri/Cargo.lock,https://github.com/MattiasBuelens/wasm-streams/,https://crates.io/api/v1/crates/wasm-streams/0.5.0,
wasmparser,0.244.0,Apache-2.0 WITH LLVM-exception OR Apache-2.0 OR MIT,exact-version crates.io metadata; crate contents not inspected,,registry+https://github.com/rust-lang/crates.io-index,apps/client/src-tauri/Cargo.lock,https://github.com/bytecodealliance/wasm-tools/tree/main/crates/wasmparser,https://crates.io/api/v1/crates/wasmparser/0.244.0,
wayland-backend,0.3.15,MIT,exact-version crates.io metadata; crate contents not inspected,,registry+https://github.com/rust-lang/crates.io-index,apps/client/src-tauri/Cargo.lock,https://github.com/smithay/wayland-rs,https://crates.io/api/v1/crates/wayland-backend/0.3.15,
wayland-client,0.31.14,MIT,exact-version crates.io metadata; crate contents not inspected,,registry+https://github.com/rust-lang/crates.io-index,apps/client/src-tauri/Cargo.lock,https://github.com/smithay/wayland-rs,https://crates.io/api/v1/crates/wayland-client/0.31.14,
wayland-protocols,0.32.12,MIT,exact-version crates.io metadata; crate contents not inspected,,registry+https://github.com/rust-lang/crates.io-index,apps/client/src-tauri/Cargo.lock,https://github.com/smithay/wayland-rs,https://crates.io/api/v1/crates/wayland-protocols/0.32.12,
wayland-protocols-wlr,0.3.12,MIT,exact-version crates.io metadata; crate contents not inspected,,registry+https://github.com/rust-lang/crates.io-index,apps/client/src-tauri/Cargo.lock,https://github.com/smithay/wayland-rs,https://crates.io/api/v1/crates/wayland-protocols-wlr/0.3.12,
wayland-scanner,0.31.10,MIT,exact-version crates.io metadata; crate contents not inspected,,registry+https://github.com/rust-lang/crates.io-index,apps/client/src-tauri/Cargo.lock,https://github.com/smithay/wayland-rs,https://crates.io/api/v1/crates/wayland-scanner/0.31.10,
wayland-server,0.31.13,MIT,exact-version crates.io metadata; crate contents not inspected,,registry+https://github.com/rust-lang/crates.io-index,apps/client/src-tauri/Cargo.lock,https://github.com/smithay/wayland-rs,https://crates.io/api/v1/crates/wayland-server/0.31.13,
wayland-sys,0.31.11,MIT,exact-version crates.io metadata; crate contents not inspected,,registry+https://github.com/rust-lang/crates.io-index,apps/client/src-tauri/Cargo.lock,https://github.com/smithay/wayland-rs,https://crates.io/api/v1/crates/wayland-sys/0.31.11,
web-sys,0.3.95,MIT OR Apache-2.0,exact-version crates.io metadata; crate contents not inspected,,registry+https://github.com/rust-lang/crates.io-index,apps/client/src-tauri/Cargo.lock,https://github.com/wasm-bindgen/wasm-bindgen/tree/master/crates/web-sys,https://crates.io/api/v1/crates/web-sys/0.3.95,
web-time,1.1.0,MIT OR Apache-2.0,exact-version cached crate Cargo.toml,LICENSE-APACHE; LICENSE-MIT,registry+https://github.com/rust-lang/crates.io-index,apps/client/src-tauri/Cargo.lock,https://github.com/daxpedda/web-time,https://crates.io/api/v1/crates/web-time/1.1.0,
web_atoms,0.2.3,MIT OR Apache-2.0,exact-version cached crate Cargo.toml,LICENSE-APACHE; LICENSE-MIT,registry+https://github.com/rust-lang/crates.io-index,apps/client/src-tauri/Cargo.lock,https://github.com/servo/html5ever,https://crates.io/api/v1/crates/web_atoms/0.2.3,
webkit2gtk,2.0.2,MIT,exact-version crates.io metadata; crate contents not inspected,,registry+https://github.com/rust-lang/crates.io-index,apps/client/src-tauri/Cargo.lock,https://github.com/tauri-apps/webkit2gtk-rs,https://crates.io/api/v1/crates/webkit2gtk/2.0.2,
webkit2gtk-sys,2.0.2,MIT,exact-version crates.io metadata; crate contents not inspected,,registry+https://github.com/rust-lang/crates.io-index,apps/client/src-tauri/Cargo.lock,https://github.com/tauri-apps/webkit2gtk-rs,https://crates.io/api/v1/crates/webkit2gtk-sys/2.0.2,
webp,0.3.1,MIT OR Apache-2.0,exact-version cached crate Cargo.toml,COPYRIGHT; LICENSE-APACHE; LICENSE-MIT,registry+https://github.com/rust-lang/crates.io-index,apps/client/src-tauri/Cargo.lock,https://github.com/jaredforth/webp.git,https://crates.io/api/v1/crates/webp/0.3.1,
webpki-root-certs,1.0.8,CDLA-Permissive-2.0,exact-version cached crate Cargo.toml,LICENSE,registry+https://github.com/rust-lang/crates.io-index,apps/client/src-tauri/Cargo.lock,https://github.com/rustls/webpki-roots,https://crates.io/api/v1/crates/webpki-root-certs/1.0.8,
webpki-roots,0.26.11,CDLA-Permissive-2.0,exact-version cached crate Cargo.toml,LICENSE,registry+https://github.com/rust-lang/crates.io-index,apps/client/src-tauri/Cargo.lock,https://github.com/rustls/webpki-roots,https://crates.io/api/v1/crates/webpki-roots/0.26.11,
webpki-roots,1.0.7,CDLA-Permissive-2.0,exact-version cached crate Cargo.toml,LICENSE,registry+https://github.com/rust-lang/crates.io-index,apps/client/src-tauri/Cargo.lock,https://github.com/rustls/webpki-roots,https://crates.io/api/v1/crates/webpki-roots/1.0.7,
webview2-com,0.38.2,MIT,exact-version cached crate Cargo.toml,,registry+https://github.com/rust-lang/crates.io-index,apps/client/src-tauri/Cargo.lock,https://github.com/wravery/webview2-rs,https://crates.io/api/v1/crates/webview2-com/0.38.2,
webview2-com-macros,0.8.1,MIT,exact-version cached crate Cargo.toml,,registry+https://github.com/rust-lang/crates.io-index,apps/client/src-tauri/Cargo.lock,https://github.com/wravery/webview2-rs,https://crates.io/api/v1/crates/webview2-com-macros/0.8.1,
webview2-com-sys,0.38.2,MIT,exact-version cached crate Cargo.toml,,registry+https://github.com/rust-lang/crates.io-index,apps/client/src-tauri/Cargo.lock,https://github.com/wravery/webview2-rs,https://crates.io/api/v1/crates/webview2-com-sys/0.38.2,
whisper-rs,0.16.0,Unlicense,exact-version cached crate Cargo.toml,LICENSE,registry+https://github.com/rust-lang/crates.io-index,apps/client/src-tauri/Cargo.lock,https://codeberg.org/tazz4843/whisper-rs,https://crates.io/api/v1/crates/whisper-rs/0.16.0,
whisper-rs-sys,0.15.0,Unlicense,exact-version cached crate Cargo.toml,,registry+https://github.com/rust-lang/crates.io-index,apps/client/src-tauri/Cargo.lock,https://codeberg.org/tazz4843/whisper-rs,https://crates.io/api/v1/crates/whisper-rs-sys/0.15.0,
widestring,1.2.1,MIT OR Apache-2.0,exact-version cached crate Cargo.toml,LICENSE-APACHE; LICENSE-MIT,registry+https://github.com/rust-lang/crates.io-index,apps/client/src-tauri/Cargo.lock,https://github.com/VoidStarKat/widestring-rs,https://crates.io/api/v1/crates/widestring/1.2.1,
winapi,0.3.9,MIT/Apache-2.0,exact-version cached crate Cargo.toml,LICENSE-APACHE; LICENSE-MIT,registry+https://github.com/rust-lang/crates.io-index,apps/client/src-tauri/Cargo.lock,https://github.com/retep998/winapi-rs,https://crates.io/api/v1/crates/winapi/0.3.9,
winapi-i686-pc-windows-gnu,0.4.0,MIT/Apache-2.0,exact-version crates.io metadata; crate contents not inspected,,registry+https://github.com/rust-lang/crates.io-index,apps/client/src-tauri/Cargo.lock,https://github.com/retep998/winapi-rs,https://crates.io/api/v1/crates/winapi-i686-pc-windows-gnu/0.4.0,
winapi-util,0.1.11,Unlicense OR MIT,exact-version cached crate Cargo.toml,COPYING; LICENSE-MIT,registry+https://github.com/rust-lang/crates.io-index,apps/client/src-tauri/Cargo.lock,https://github.com/BurntSushi/winapi-util,https://crates.io/api/v1/crates/winapi-util/0.1.11,
winapi-x86_64-pc-windows-gnu,0.4.0,MIT/Apache-2.0,exact-version crates.io metadata; crate contents not inspected,,registry+https://github.com/rust-lang/crates.io-index,apps/client/src-tauri/Cargo.lock,https://github.com/retep998/winapi-rs,https://crates.io/api/v1/crates/winapi-x86_64-pc-windows-gnu/0.4.0,
window-vibrancy,0.6.0,Apache-2.0 OR MIT,exact-version cached crate Cargo.toml,LICENSE-APACHE; LICENSE-MIT; LICENSE.spdx,registry+https://github.com/rust-lang/crates.io-index,apps/client/src-tauri/Cargo.lock,https://github.com/tauri-apps/tauri-plugin-vibrancy,https://crates.io/api/v1/crates/window-vibrancy/0.6.0,
windows,0.61.3,MIT OR Apache-2.0,exact-version cached crate Cargo.toml,license-apache-2.0; license-mit,registry+https://github.com/rust-lang/crates.io-index,apps/client/src-tauri/Cargo.lock,https://github.com/microsoft/windows-rs,https://crates.io/api/v1/crates/windows/0.61.3,
windows,0.62.2,MIT OR Apache-2.0,exact-version cached crate Cargo.toml,license-apache-2.0; license-mit,registry+https://github.com/rust-lang/crates.io-index,apps/client/src-tauri/Cargo.lock,https://github.com/microsoft/windows-rs,https://crates.io/api/v1/crates/windows/0.62.2,
windows-collections,0.2.0,MIT OR Apache-2.0,exact-version cached crate Cargo.toml,license-apache-2.0; license-mit,registry+https://github.com/rust-lang/crates.io-index,apps/client/src-tauri/Cargo.lock,https://github.com/microsoft/windows-rs,https://crates.io/api/v1/crates/windows-collections/0.2.0,
windows-collections,0.3.2,MIT OR Apache-2.0,exact-version cached crate Cargo.toml,license-apache-2.0; license-mit,registry+https://github.com/rust-lang/crates.io-index,apps/client/src-tauri/Cargo.lock,https://github.com/microsoft/windows-rs,https://crates.io/api/v1/crates/windows-collections/0.3.2,
windows-core,0.61.2,MIT OR Apache-2.0,exact-version cached crate Cargo.toml,license-apache-2.0; license-mit,registry+https://github.com/rust-lang/crates.io-index,apps/client/src-tauri/Cargo.lock,https://github.com/microsoft/windows-rs,https://crates.io/api/v1/crates/windows-core/0.61.2,
windows-core,0.62.2,MIT OR Apache-2.0,exact-version cached crate Cargo.toml,license-apache-2.0; license-mit,registry+https://github.com/rust-lang/crates.io-index,apps/client/src-tauri/Cargo.lock,https://github.com/microsoft/windows-rs,https://crates.io/api/v1/crates/windows-core/0.62.2,
windows-future,0.2.1,MIT OR Apache-2.0,exact-version cached crate Cargo.toml,license-apache-2.0; license-mit,registry+https://github.com/rust-lang/crates.io-index,apps/client/src-tauri/Cargo.lock,https://github.com/microsoft/windows-rs,https://crates.io/api/v1/crates/windows-future/0.2.1,
windows-future,0.3.2,MIT OR Apache-2.0,exact-version cached crate Cargo.toml,license-apache-2.0; license-mit,registry+https://github.com/rust-lang/crates.io-index,apps/client/src-tauri/Cargo.lock,https://github.com/microsoft/windows-rs,https://crates.io/api/v1/crates/windows-future/0.3.2,
windows-implement,0.60.2,MIT OR Apache-2.0,exact-version cached crate Cargo.toml,license-apache-2.0; license-mit,registry+https://github.com/rust-lang/crates.io-index,apps/client/src-tauri/Cargo.lock,https://github.com/microsoft/windows-rs,https://crates.io/api/v1/crates/windows-implement/0.60.2,
windows-interface,0.59.3,MIT OR Apache-2.0,exact-version cached crate Cargo.toml,license-apache-2.0; license-mit,registry+https://github.com/rust-lang/crates.io-index,apps/client/src-tauri/Cargo.lock,https://github.com/microsoft/windows-rs,https://crates.io/api/v1/crates/windows-interface/0.59.3,
windows-link,0.1.3,MIT OR Apache-2.0,exact-version cached crate Cargo.toml,license-apache-2.0; license-mit,registry+https://github.com/rust-lang/crates.io-index,apps/client/src-tauri/Cargo.lock,https://github.com/microsoft/windows-rs,https://crates.io/api/v1/crates/windows-link/0.1.3,
windows-link,0.2.1,MIT OR Apache-2.0,exact-version cached crate Cargo.toml,license-apache-2.0; license-mit,registry+https://github.com/rust-lang/crates.io-index,apps/client/src-tauri/Cargo.lock,https://github.com/microsoft/windows-rs,https://crates.io/api/v1/crates/windows-link/0.2.1,
windows-numerics,0.2.0,MIT OR Apache-2.0,exact-version cached crate Cargo.toml,license-apache-2.0; license-mit,registry+https://github.com/rust-lang/crates.io-index,apps/client/src-tauri/Cargo.lock,https://github.com/microsoft/windows-rs,https://crates.io/api/v1/crates/windows-numerics/0.2.0,
windows-numerics,0.3.1,MIT OR Apache-2.0,exact-version cached crate Cargo.toml,license-apache-2.0; license-mit,registry+https://github.com/rust-lang/crates.io-index,apps/client/src-tauri/Cargo.lock,https://github.com/microsoft/windows-rs,https://crates.io/api/v1/crates/windows-numerics/0.3.1,
windows-registry,0.6.1,MIT OR Apache-2.0,exact-version cached crate Cargo.toml,license-apache-2.0; license-mit,registry+https://github.com/rust-lang/crates.io-index,apps/client/src-tauri/Cargo.lock,https://github.com/microsoft/windows-rs,https://crates.io/api/v1/crates/windows-registry/0.6.1,
windows-result,0.3.4,MIT OR Apache-2.0,exact-version cached crate Cargo.toml,license-apache-2.0; license-mit,registry+https://github.com/rust-lang/crates.io-index,apps/client/src-tauri/Cargo.lock,https://github.com/microsoft/windows-rs,https://crates.io/api/v1/crates/windows-result/0.3.4,
windows-result,0.4.1,MIT OR Apache-2.0,exact-version cached crate Cargo.toml,license-apache-2.0; license-mit,registry+https://github.com/rust-lang/crates.io-index,apps/client/src-tauri/Cargo.lock,https://github.com/microsoft/windows-rs,https://crates.io/api/v1/crates/windows-result/0.4.1,
windows-strings,0.4.2,MIT OR Apache-2.0,exact-version cached crate Cargo.toml,license-apache-2.0; license-mit,registry+https://github.com/rust-lang/crates.io-index,apps/client/src-tauri/Cargo.lock,https://github.com/microsoft/windows-rs,https://crates.io/api/v1/crates/windows-strings/0.4.2,
windows-strings,0.5.1,MIT OR Apache-2.0,exact-version cached crate Cargo.toml,license-apache-2.0; license-mit,registry+https://github.com/rust-lang/crates.io-index,apps/client/src-tauri/Cargo.lock,https://github.com/microsoft/windows-rs,https://crates.io/api/v1/crates/windows-strings/0.5.1,
windows-sys,0.45.0,MIT OR Apache-2.0,exact-version cached crate Cargo.toml,license-apache-2.0; license-mit,registry+https://github.com/rust-lang/crates.io-index,apps/client/src-tauri/Cargo.lock,https://github.com/microsoft/windows-rs,https://crates.io/api/v1/crates/windows-sys/0.45.0,
windows-sys,0.48.0,MIT OR Apache-2.0,exact-version cached crate Cargo.toml,license-apache-2.0; license-mit,registry+https://github.com/rust-lang/crates.io-index,apps/client/src-tauri/Cargo.lock,https://github.com/microsoft/windows-rs,https://crates.io/api/v1/crates/windows-sys/0.48.0,
windows-sys,0.52.0,MIT OR Apache-2.0,exact-version cached crate Cargo.toml,license-apache-2.0; license-mit,registry+https://github.com/rust-lang/crates.io-index,apps/client/src-tauri/Cargo.lock,https://github.com/microsoft/windows-rs,https://crates.io/api/v1/crates/windows-sys/0.52.0,
windows-sys,0.59.0,MIT OR Apache-2.0,exact-version cached crate Cargo.toml,license-apache-2.0; license-mit,registry+https://github.com/rust-lang/crates.io-index,apps/client/src-tauri/Cargo.lock,https://github.com/microsoft/windows-rs,https://crates.io/api/v1/crates/windows-sys/0.59.0,
windows-sys,0.60.2,MIT OR Apache-2.0,exact-version cached crate Cargo.toml,license-apache-2.0; license-mit,registry+https://github.com/rust-lang/crates.io-index,apps/client/src-tauri/Cargo.lock,https://github.com/microsoft/windows-rs,https://crates.io/api/v1/crates/windows-sys/0.60.2,
windows-sys,0.61.2,MIT OR Apache-2.0,exact-version cached crate Cargo.toml,license-apache-2.0; license-mit,registry+https://github.com/rust-lang/crates.io-index,apps/client/src-tauri/Cargo.lock,https://github.com/microsoft/windows-rs,https://crates.io/api/v1/crates/windows-sys/0.61.2,
windows-targets,0.42.2,MIT OR Apache-2.0,exact-version cached crate Cargo.toml,license-apache-2.0; license-mit,registry+https://github.com/rust-lang/crates.io-index,apps/client/src-tauri/Cargo.lock,https://github.com/microsoft/windows-rs,https://crates.io/api/v1/crates/windows-targets/0.42.2,
windows-targets,0.48.5,MIT OR Apache-2.0,exact-version cached crate Cargo.toml,license-apache-2.0; license-mit,registry+https://github.com/rust-lang/crates.io-index,apps/client/src-tauri/Cargo.lock,https://github.com/microsoft/windows-rs,https://crates.io/api/v1/crates/windows-targets/0.48.5,
windows-targets,0.52.6,MIT OR Apache-2.0,exact-version cached crate Cargo.toml,license-apache-2.0; license-mit,registry+https://github.com/rust-lang/crates.io-index,apps/client/src-tauri/Cargo.lock,https://github.com/microsoft/windows-rs,https://crates.io/api/v1/crates/windows-targets/0.52.6,
windows-targets,0.53.5,MIT OR Apache-2.0,exact-version cached crate Cargo.toml,license-apache-2.0; license-mit,registry+https://github.com/rust-lang/crates.io-index,apps/client/src-tauri/Cargo.lock,https://github.com/microsoft/windows-rs,https://crates.io/api/v1/crates/windows-targets/0.53.5,
windows-threading,0.1.0,MIT OR Apache-2.0,exact-version cached crate Cargo.toml,license-apache-2.0; license-mit,registry+https://github.com/rust-lang/crates.io-index,apps/client/src-tauri/Cargo.lock,https://github.com/microsoft/windows-rs,https://crates.io/api/v1/crates/windows-threading/0.1.0,
windows-threading,0.2.1,MIT OR Apache-2.0,exact-version cached crate Cargo.toml,license-apache-2.0; license-mit,registry+https://github.com/rust-lang/crates.io-index,apps/client/src-tauri/Cargo.lock,https://github.com/microsoft/windows-rs,https://crates.io/api/v1/crates/windows-threading/0.2.1,
windows-version,0.1.7,MIT OR Apache-2.0,exact-version cached crate Cargo.toml,license-apache-2.0; license-mit,registry+https://github.com/rust-lang/crates.io-index,apps/client/src-tauri/Cargo.lock,https://github.com/microsoft/windows-rs,https://crates.io/api/v1/crates/windows-version/0.1.7,
windows_aarch64_gnullvm,0.42.2,MIT OR Apache-2.0,exact-version crates.io metadata; crate contents not inspected,,registry+https://github.com/rust-lang/crates.io-index,apps/client/src-tauri/Cargo.lock,https://github.com/microsoft/windows-rs,https://crates.io/api/v1/crates/windows_aarch64_gnullvm/0.42.2,
windows_aarch64_gnullvm,0.48.5,MIT OR Apache-2.0,exact-version crates.io metadata; crate contents not inspected,,registry+https://github.com/rust-lang/crates.io-index,apps/client/src-tauri/Cargo.lock,https://github.com/microsoft/windows-rs,https://crates.io/api/v1/crates/windows_aarch64_gnullvm/0.48.5,
windows_aarch64_gnullvm,0.52.6,MIT OR Apache-2.0,exact-version crates.io metadata; crate contents not inspected,,registry+https://github.com/rust-lang/crates.io-index,apps/client/src-tauri/Cargo.lock,https://github.com/microsoft/windows-rs,https://crates.io/api/v1/crates/windows_aarch64_gnullvm/0.52.6,
windows_aarch64_gnullvm,0.53.1,MIT OR Apache-2.0,exact-version crates.io metadata; crate contents not inspected,,registry+https://github.com/rust-lang/crates.io-index,apps/client/src-tauri/Cargo.lock,https://github.com/microsoft/windows-rs,https://crates.io/api/v1/crates/windows_aarch64_gnullvm/0.53.1,
windows_aarch64_msvc,0.42.2,MIT OR Apache-2.0,exact-version crates.io metadata; crate contents not inspected,,registry+https://github.com/rust-lang/crates.io-index,apps/client/src-tauri/Cargo.lock,https://github.com/microsoft/windows-rs,https://crates.io/api/v1/crates/windows_aarch64_msvc/0.42.2,
windows_aarch64_msvc,0.48.5,MIT OR Apache-2.0,exact-version crates.io metadata; crate contents not inspected,,registry+https://github.com/rust-lang/crates.io-index,apps/client/src-tauri/Cargo.lock,https://github.com/microsoft/windows-rs,https://crates.io/api/v1/crates/windows_aarch64_msvc/0.48.5,
windows_aarch64_msvc,0.52.6,MIT OR Apache-2.0,exact-version crates.io metadata; crate contents not inspected,,registry+https://github.com/rust-lang/crates.io-index,apps/client/src-tauri/Cargo.lock,https://github.com/microsoft/windows-rs,https://crates.io/api/v1/crates/windows_aarch64_msvc/0.52.6,
windows_aarch64_msvc,0.53.1,MIT OR Apache-2.0,exact-version crates.io metadata; crate contents not inspected,,registry+https://github.com/rust-lang/crates.io-index,apps/client/src-tauri/Cargo.lock,https://github.com/microsoft/windows-rs,https://crates.io/api/v1/crates/windows_aarch64_msvc/0.53.1,
windows_i686_gnu,0.42.2,MIT OR Apache-2.0,exact-version crates.io metadata; crate contents not inspected,,registry+https://github.com/rust-lang/crates.io-index,apps/client/src-tauri/Cargo.lock,https://github.com/microsoft/windows-rs,https://crates.io/api/v1/crates/windows_i686_gnu/0.42.2,
windows_i686_gnu,0.48.5,MIT OR Apache-2.0,exact-version crates.io metadata; crate contents not inspected,,registry+https://github.com/rust-lang/crates.io-index,apps/client/src-tauri/Cargo.lock,https://github.com/microsoft/windows-rs,https://crates.io/api/v1/crates/windows_i686_gnu/0.48.5,
windows_i686_gnu,0.52.6,MIT OR Apache-2.0,exact-version crates.io metadata; crate contents not inspected,,registry+https://github.com/rust-lang/crates.io-index,apps/client/src-tauri/Cargo.lock,https://github.com/microsoft/windows-rs,https://crates.io/api/v1/crates/windows_i686_gnu/0.52.6,
windows_i686_gnu,0.53.1,MIT OR Apache-2.0,exact-version crates.io metadata; crate contents not inspected,,registry+https://github.com/rust-lang/crates.io-index,apps/client/src-tauri/Cargo.lock,https://github.com/microsoft/windows-rs,https://crates.io/api/v1/crates/windows_i686_gnu/0.53.1,
windows_i686_gnullvm,0.52.6,MIT OR Apache-2.0,exact-version crates.io metadata; crate contents not inspected,,registry+https://github.com/rust-lang/crates.io-index,apps/client/src-tauri/Cargo.lock,https://github.com/microsoft/windows-rs,https://crates.io/api/v1/crates/windows_i686_gnullvm/0.52.6,
windows_i686_gnullvm,0.53.1,MIT OR Apache-2.0,exact-version crates.io metadata; crate contents not inspected,,registry+https://github.com/rust-lang/crates.io-index,apps/client/src-tauri/Cargo.lock,https://github.com/microsoft/windows-rs,https://crates.io/api/v1/crates/windows_i686_gnullvm/0.53.1,
windows_i686_msvc,0.42.2,MIT OR Apache-2.0,exact-version crates.io metadata; crate contents not inspected,,registry+https://github.com/rust-lang/crates.io-index,apps/client/src-tauri/Cargo.lock,https://github.com/microsoft/windows-rs,https://crates.io/api/v1/crates/windows_i686_msvc/0.42.2,
windows_i686_msvc,0.48.5,MIT OR Apache-2.0,exact-version crates.io metadata; crate contents not inspected,,registry+https://github.com/rust-lang/crates.io-index,apps/client/src-tauri/Cargo.lock,https://github.com/microsoft/windows-rs,https://crates.io/api/v1/crates/windows_i686_msvc/0.48.5,
windows_i686_msvc,0.52.6,MIT OR Apache-2.0,exact-version crates.io metadata; crate contents not inspected,,registry+https://github.com/rust-lang/crates.io-index,apps/client/src-tauri/Cargo.lock,https://github.com/microsoft/windows-rs,https://crates.io/api/v1/crates/windows_i686_msvc/0.52.6,
windows_i686_msvc,0.53.1,MIT OR Apache-2.0,exact-version crates.io metadata; crate contents not inspected,,registry+https://github.com/rust-lang/crates.io-index,apps/client/src-tauri/Cargo.lock,https://github.com/microsoft/windows-rs,https://crates.io/api/v1/crates/windows_i686_msvc/0.53.1,
windows_x86_64_gnu,0.42.2,MIT OR Apache-2.0,exact-version crates.io metadata; crate contents not inspected,,registry+https://github.com/rust-lang/crates.io-index,apps/client/src-tauri/Cargo.lock,https://github.com/microsoft/windows-rs,https://crates.io/api/v1/crates/windows_x86_64_gnu/0.42.2,
windows_x86_64_gnu,0.48.5,MIT OR Apache-2.0,exact-version crates.io metadata; crate contents not inspected,,registry+https://github.com/rust-lang/crates.io-index,apps/client/src-tauri/Cargo.lock,https://github.com/microsoft/windows-rs,https://crates.io/api/v1/crates/windows_x86_64_gnu/0.48.5,
windows_x86_64_gnu,0.52.6,MIT OR Apache-2.0,exact-version crates.io metadata; crate contents not inspected,,registry+https://github.com/rust-lang/crates.io-index,apps/client/src-tauri/Cargo.lock,https://github.com/microsoft/windows-rs,https://crates.io/api/v1/crates/windows_x86_64_gnu/0.52.6,
windows_x86_64_gnu,0.53.1,MIT OR Apache-2.0,exact-version crates.io metadata; crate contents not inspected,,registry+https://github.com/rust-lang/crates.io-index,apps/client/src-tauri/Cargo.lock,https://github.com/microsoft/windows-rs,https://crates.io/api/v1/crates/windows_x86_64_gnu/0.53.1,
windows_x86_64_gnullvm,0.42.2,MIT OR Apache-2.0,exact-version crates.io metadata; crate contents not inspected,,registry+https://github.com/rust-lang/crates.io-index,apps/client/src-tauri/Cargo.lock,https://github.com/microsoft/windows-rs,https://crates.io/api/v1/crates/windows_x86_64_gnullvm/0.42.2,
windows_x86_64_gnullvm,0.48.5,MIT OR Apache-2.0,exact-version crates.io metadata; crate contents not inspected,,registry+https://github.com/rust-lang/crates.io-index,apps/client/src-tauri/Cargo.lock,https://github.com/microsoft/windows-rs,https://crates.io/api/v1/crates/windows_x86_64_gnullvm/0.48.5,
windows_x86_64_gnullvm,0.52.6,MIT OR Apache-2.0,exact-version crates.io metadata; crate contents not inspected,,registry+https://github.com/rust-lang/crates.io-index,apps/client/src-tauri/Cargo.lock,https://github.com/microsoft/windows-rs,https://crates.io/api/v1/crates/windows_x86_64_gnullvm/0.52.6,
windows_x86_64_gnullvm,0.53.1,MIT OR Apache-2.0,exact-version crates.io metadata; crate contents not inspected,,registry+https://github.com/rust-lang/crates.io-index,apps/client/src-tauri/Cargo.lock,https://github.com/microsoft/windows-rs,https://crates.io/api/v1/crates/windows_x86_64_gnullvm/0.53.1,
windows_x86_64_msvc,0.42.2,MIT OR Apache-2.0,exact-version cached crate Cargo.toml,license-apache-2.0; license-mit,registry+https://github.com/rust-lang/crates.io-index,apps/client/src-tauri/Cargo.lock,https://github.com/microsoft/windows-rs,https://crates.io/api/v1/crates/windows_x86_64_msvc/0.42.2,
windows_x86_64_msvc,0.48.5,MIT OR Apache-2.0,exact-version cached crate Cargo.toml,license-apache-2.0; license-mit,registry+https://github.com/rust-lang/crates.io-index,apps/client/src-tauri/Cargo.lock,https://github.com/microsoft/windows-rs,https://crates.io/api/v1/crates/windows_x86_64_msvc/0.48.5,
windows_x86_64_msvc,0.52.6,MIT OR Apache-2.0,exact-version cached crate Cargo.toml,license-apache-2.0; license-mit,registry+https://github.com/rust-lang/crates.io-index,apps/client/src-tauri/Cargo.lock,https://github.com/microsoft/windows-rs,https://crates.io/api/v1/crates/windows_x86_64_msvc/0.52.6,
windows_x86_64_msvc,0.53.1,MIT OR Apache-2.0,exact-version cached crate Cargo.toml,license-apache-2.0; license-mit,registry+https://github.com/rust-lang/crates.io-index,apps/client/src-tauri/Cargo.lock,https://github.com/microsoft/windows-rs,https://crates.io/api/v1/crates/windows_x86_64_msvc/0.53.1,
winnow,0.5.40,MIT,exact-version crates.io metadata; crate contents not inspected,,registry+https://github.com/rust-lang/crates.io-index,apps/client/src-tauri/Cargo.lock,https://github.com/winnow-rs/winnow,https://crates.io/api/v1/crates/winnow/0.5.40,
winnow,0.7.15,MIT,exact-version cached crate Cargo.toml,LICENSE-MIT,registry+https://github.com/rust-lang/crates.io-index,apps/client/src-tauri/Cargo.lock,https://github.com/winnow-rs/winnow,https://crates.io/api/v1/crates/winnow/0.7.15,
winnow,1.0.1,MIT,exact-version cached crate Cargo.toml,LICENSE-MIT,registry+https://github.com/rust-lang/crates.io-index,apps/client/src-tauri/Cargo.lock,https://github.com/winnow-rs/winnow,https://crates.io/api/v1/crates/winnow/1.0.1,
winreg,0.10.1,MIT,exact-version cached crate Cargo.toml,LICENSE,registry+https://github.com/rust-lang/crates.io-index,apps/client/src-tauri/Cargo.lock,https://github.com/gentoo90/winreg-rs,https://crates.io/api/v1/crates/winreg/0.10.1,
winreg,0.55.0,MIT,exact-version cached crate Cargo.toml,LICENSE,registry+https://github.com/rust-lang/crates.io-index,apps/client/src-tauri/Cargo.lock,https://github.com/gentoo90/winreg-rs,https://crates.io/api/v1/crates/winreg/0.55.0,
wit-bindgen,0.51.0,Apache-2.0 WITH LLVM-exception OR Apache-2.0 OR MIT,exact-version crates.io metadata; crate contents not inspected,,registry+https://github.com/rust-lang/crates.io-index,apps/client/src-tauri/Cargo.lock,https://github.com/bytecodealliance/wit-bindgen,https://crates.io/api/v1/crates/wit-bindgen/0.51.0,
wit-bindgen-core,0.51.0,Apache-2.0 WITH LLVM-exception OR Apache-2.0 OR MIT,exact-version crates.io metadata; crate contents not inspected,,registry+https://github.com/rust-lang/crates.io-index,apps/client/src-tauri/Cargo.lock,https://github.com/bytecodealliance/wit-bindgen,https://crates.io/api/v1/crates/wit-bindgen-core/0.51.0,
wit-bindgen-rust,0.51.0,Apache-2.0 WITH LLVM-exception OR Apache-2.0 OR MIT,exact-version crates.io metadata; crate contents not inspected,,registry+https://github.com/rust-lang/crates.io-index,apps/client/src-tauri/Cargo.lock,https://github.com/bytecodealliance/wit-bindgen,https://crates.io/api/v1/crates/wit-bindgen-rust/0.51.0,
wit-bindgen-rust-macro,0.51.0,Apache-2.0 WITH LLVM-exception OR Apache-2.0 OR MIT,exact-version crates.io metadata; crate contents not inspected,,registry+https://github.com/rust-lang/crates.io-index,apps/client/src-tauri/Cargo.lock,https://github.com/bytecodealliance/wit-bindgen,https://crates.io/api/v1/crates/wit-bindgen-rust-macro/0.51.0,
wit-component,0.244.0,Apache-2.0 WITH LLVM-exception OR Apache-2.0 OR MIT,exact-version crates.io metadata; crate contents not inspected,,registry+https://github.com/rust-lang/crates.io-index,apps/client/src-tauri/Cargo.lock,https://github.com/bytecodealliance/wasm-tools/tree/main/crates/wit-component,https://crates.io/api/v1/crates/wit-component/0.244.0,
wit-parser,0.244.0,Apache-2.0 WITH LLVM-exception OR Apache-2.0 OR MIT,exact-version crates.io metadata; crate contents not inspected,,registry+https://github.com/rust-lang/crates.io-index,apps/client/src-tauri/Cargo.lock,https://github.com/bytecodealliance/wasm-tools/tree/main/crates/wit-parser,https://crates.io/api/v1/crates/wit-parser/0.244.0,
writeable,0.6.3,Unicode-3.0,exact-version cached crate Cargo.toml,LICENSE,registry+https://github.com/rust-lang/crates.io-index,apps/client/src-tauri/Cargo.lock,https://github.com/unicode-org/icu4x,https://crates.io/api/v1/crates/writeable/0.6.3,
wry,0.55.1,Apache-2.0 OR MIT,exact-version cached crate Cargo.toml,LICENSE-APACHE; LICENSE-MIT; LICENSE.spdx,registry+https://github.com/rust-lang/crates.io-index,apps/client/src-tauri/Cargo.lock,https://github.com/tauri-apps/wry,https://crates.io/api/v1/crates/wry/0.55.1,
x11,2.21.0,MIT,exact-version crates.io metadata; crate contents not inspected,,registry+https://github.com/rust-lang/crates.io-index,apps/client/src-tauri/Cargo.lock,https://github.com/AltF02/x11-rs.git,https://crates.io/api/v1/crates/x11/2.21.0,
x11-dl,2.21.0,MIT,exact-version crates.io metadata; crate contents not inspected,,registry+https://github.com/rust-lang/crates.io-index,apps/client/src-tauri/Cargo.lock,https://github.com/AltF02/x11-rs.git,https://crates.io/api/v1/crates/x11-dl/2.21.0,
x11rb,0.13.2,MIT OR Apache-2.0,exact-version crates.io metadata; crate contents not inspected,,registry+https://github.com/rust-lang/crates.io-index,apps/client/src-tauri/Cargo.lock,https://github.com/psychon/x11rb,https://crates.io/api/v1/crates/x11rb/0.13.2,
x11rb-protocol,0.13.2,MIT OR Apache-2.0,exact-version crates.io metadata; crate contents not inspected,,registry+https://github.com/rust-lang/crates.io-index,apps/client/src-tauri/Cargo.lock,https://github.com/psychon/x11rb,https://crates.io/api/v1/crates/x11rb-protocol/0.13.2,
xattr,1.6.1,MIT OR Apache-2.0,exact-version crates.io metadata; crate contents not inspected,,registry+https://github.com/rust-lang/crates.io-index,apps/client/src-tauri/Cargo.lock,https://github.com/Stebalien/xattr,https://crates.io/api/v1/crates/xattr/1.6.1,
xcap,0.9.4,Apache-2.0,exact-version cached crate Cargo.toml,LICENSE,registry+https://github.com/rust-lang/crates.io-index,apps/client/src-tauri/Cargo.lock,https://github.com/nashaofu/xcap.git,https://crates.io/api/v1/crates/xcap/0.9.4,
xcb,1.7.0,MIT,exact-version crates.io metadata; crate contents not inspected,,registry+https://github.com/rust-lang/crates.io-index,apps/client/src-tauri/Cargo.lock,https://github.com/rust-x-bindings/rust-xcb,https://crates.io/api/v1/crates/xcb/1.7.0,
xkbcommon,0.9.0,MIT,exact-version crates.io metadata; crate contents not inspected,,registry+https://github.com/rust-lang/crates.io-index,apps/client/src-tauri/Cargo.lock,https://github.com/rust-x-bindings/xkbcommon-rs,https://crates.io/api/v1/crates/xkbcommon/0.9.0,
xkeysym,0.2.1,MIT OR Apache-2.0 OR Zlib,exact-version crates.io metadata; crate contents not inspected,,registry+https://github.com/rust-lang/crates.io-index,apps/client/src-tauri/Cargo.lock,https://github.com/notgull/xkeysym,https://crates.io/api/v1/crates/xkeysym/0.2.1,
xml-rs,0.8.28,MIT,exact-version crates.io metadata; crate contents not inspected,,registry+https://github.com/rust-lang/crates.io-index,apps/client/src-tauri/Cargo.lock,https://github.com/kornelski/xml-rs,https://crates.io/api/v1/crates/xml-rs/0.8.28,
xmlwriter,0.1.0,MIT,exact-version cached crate Cargo.toml,LICENSE,registry+https://github.com/rust-lang/crates.io-index,apps/client/src-tauri/Cargo.lock,https://github.com/RazrFalcon/xmlwriter,https://crates.io/api/v1/crates/xmlwriter/0.1.0,
yoke,0.8.2,Unicode-3.0,exact-version cached crate Cargo.toml,LICENSE,registry+https://github.com/rust-lang/crates.io-index,apps/client/src-tauri/Cargo.lock,https://github.com/unicode-org/icu4x,https://crates.io/api/v1/crates/yoke/0.8.2,
yoke-derive,0.8.2,Unicode-3.0,exact-version cached crate Cargo.toml,LICENSE,registry+https://github.com/rust-lang/crates.io-index,apps/client/src-tauri/Cargo.lock,https://github.com/unicode-org/icu4x,https://crates.io/api/v1/crates/yoke-derive/0.8.2,
zbus,5.14.0,MIT,exact-version crates.io metadata; crate contents not inspected,,registry+https://github.com/rust-lang/crates.io-index,apps/client/src-tauri/Cargo.lock,https://github.com/z-galaxy/zbus/,https://crates.io/api/v1/crates/zbus/5.14.0,
zbus_macros,5.14.0,MIT,exact-version crates.io metadata; crate contents not inspected,,registry+https://github.com/rust-lang/crates.io-index,apps/client/src-tauri/Cargo.lock,https://github.com/z-galaxy/zbus/,https://crates.io/api/v1/crates/zbus_macros/5.14.0,
zbus_names,4.3.1,MIT,exact-version crates.io metadata; crate contents not inspected,,registry+https://github.com/rust-lang/crates.io-index,apps/client/src-tauri/Cargo.lock,https://github.com/z-galaxy/zbus/,https://crates.io/api/v1/crates/zbus_names/4.3.1,
zerocopy,0.8.48,BSD-2-Clause OR Apache-2.0 OR MIT,exact-version cached crate Cargo.toml,LICENSE-APACHE; LICENSE-BSD; LICENSE-MIT,registry+https://github.com/rust-lang/crates.io-index,apps/client/src-tauri/Cargo.lock,https://github.com/google/zerocopy,https://crates.io/api/v1/crates/zerocopy/0.8.48,
zerocopy-derive,0.8.48,BSD-2-Clause OR Apache-2.0 OR MIT,exact-version crates.io metadata; crate contents not inspected,,registry+https://github.com/rust-lang/crates.io-index,apps/client/src-tauri/Cargo.lock,https://github.com/google/zerocopy,https://crates.io/api/v1/crates/zerocopy-derive/0.8.48,
zerofrom,0.1.7,Unicode-3.0,exact-version cached crate Cargo.toml,LICENSE,registry+https://github.com/rust-lang/crates.io-index,apps/client/src-tauri/Cargo.lock,https://github.com/unicode-org/icu4x,https://crates.io/api/v1/crates/zerofrom/0.1.7,
zerofrom-derive,0.1.7,Unicode-3.0,exact-version cached crate Cargo.toml,LICENSE,registry+https://github.com/rust-lang/crates.io-index,apps/client/src-tauri/Cargo.lock,https://github.com/unicode-org/icu4x,https://crates.io/api/v1/crates/zerofrom-derive/0.1.7,
zeroize,1.9.0,Apache-2.0 OR MIT,exact-version cached crate Cargo.toml,LICENSE-APACHE; LICENSE-MIT,registry+https://github.com/rust-lang/crates.io-index,apps/client/src-tauri/Cargo.lock,https://github.com/RustCrypto/utils,https://crates.io/api/v1/crates/zeroize/1.9.0,
zeroize_derive,1.5.0,Apache-2.0 OR MIT,exact-version cached crate Cargo.toml,LICENSE-APACHE; LICENSE-MIT,registry+https://github.com/rust-lang/crates.io-index,apps/client/src-tauri/Cargo.lock,https://github.com/RustCrypto/utils,https://crates.io/api/v1/crates/zeroize_derive/1.5.0,
zerotrie,0.2.4,Unicode-3.0,exact-version cached crate Cargo.toml,LICENSE,registry+https://github.com/rust-lang/crates.io-index,apps/client/src-tauri/Cargo.lock,https://github.com/unicode-org/icu4x,https://crates.io/api/v1/crates/zerotrie/0.2.4,
zerovec,0.11.6,Unicode-3.0,exact-version cached crate Cargo.toml,LICENSE,registry+https://github.com/rust-lang/crates.io-index,apps/client/src-tauri/Cargo.lock,https://github.com/unicode-org/icu4x,https://crates.io/api/v1/crates/zerovec/0.11.6,
zerovec-derive,0.11.3,Unicode-3.0,exact-version cached crate Cargo.toml,LICENSE,registry+https://github.com/rust-lang/crates.io-index,apps/client/src-tauri/Cargo.lock,https://github.com/unicode-org/icu4x,https://crates.io/api/v1/crates/zerovec-derive/0.11.3,
zip,2.4.2,MIT,exact-version cached crate Cargo.toml,LICENSE,registry+https://github.com/rust-lang/crates.io-index,apps/client/src-tauri/Cargo.lock,https://github.com/zip-rs/zip2.git,https://crates.io/api/v1/crates/zip/2.4.2,
zmij,1.0.21,MIT,exact-version cached crate Cargo.toml,LICENSE-MIT,registry+https://github.com/rust-lang/crates.io-index,apps/client/src-tauri/Cargo.lock,https://github.com/dtolnay/zmij,https://crates.io/api/v1/crates/zmij/1.0.21,
zmij,1.0.23,MIT,exact-version cached crate Cargo.toml,LICENSE-MIT,registry+https://github.com/rust-lang/crates.io-index,packages/fleet-protocol/Cargo.lock,https://github.com/dtolnay/zmij,https://crates.io/api/v1/crates/zmij/1.0.23,
zopfli,0.8.3,Apache-2.0,exact-version cached crate Cargo.toml,COPYING,registry+https://github.com/rust-lang/crates.io-index,apps/client/src-tauri/Cargo.lock,https://github.com/zopfli-rs/zopfli,https://crates.io/api/v1/crates/zopfli/0.8.3,
zune-core,0.5.1,MIT OR Apache-2.0 OR Zlib,exact-version cached crate Cargo.toml,LICENSE-APACHE; LICENSE-MIT; LICENSE-ZLIB,registry+https://github.com/rust-lang/crates.io-index,apps/client/src-tauri/Cargo.lock,https://github.com/etemesi254/zune-image,https://crates.io/api/v1/crates/zune-core/0.5.1,
zune-jpeg,0.5.15,MIT OR Apache-2.0 OR Zlib,exact-version cached crate Cargo.toml,LICENSE-APACHE; LICENSE-MIT; LICENSE-ZLIB,registry+https://github.com/rust-lang/crates.io-index,apps/client/src-tauri/Cargo.lock,https://github.com/etemesi254/zune-image/tree/dev/crates/zune-jpeg,https://crates.io/api/v1/crates/zune-jpeg/0.5.15,
zvariant,5.10.0,MIT,exact-version crates.io metadata; crate contents not inspected,,registry+https://github.com/rust-lang/crates.io-index,apps/client/src-tauri/Cargo.lock,https://github.com/z-galaxy/zbus/,https://crates.io/api/v1/crates/zvariant/5.10.0,
zvariant_derive,5.10.0,MIT,exact-version crates.io metadata; crate contents not inspected,,registry+https://github.com/rust-lang/crates.io-index,apps/client/src-tauri/Cargo.lock,https://github.com/z-galaxy/zbus/,https://crates.io/api/v1/crates/zvariant_derive/5.10.0,
zvariant_utils,3.3.0,MIT,exact-version crates.io metadata; crate contents not inspected,,registry+https://github.com/rust-lang/crates.io-index,apps/client/src-tauri/Cargo.lock,https://github.com/z-galaxy/zbus/,https://crates.io/api/v1/crates/zvariant_utils/3.3.0,
